0.4796771130104463,"[4 8 1 5 1 5 1 7 2 4 7 2 7 4 8 5 2 9 3 6 4 8 2 7 3 6 4 8 3 8 8 1 7 4 6 3 7
 3 6 8 3 6 6 2 7 1 7 1 8 3 6 6 4 9 8 1 9 1 9 1 3 5 4 6 2 9 8 1 5 4 7 2 2 9
 1 4 6 4 1 9 4 3 7 1 1 5 2 9 1 5 9 4 5]","[9 8 1 5 1 9 2 5 2 1 5 3 7 4 6 8 2 7 3 9 1 2 2 7 3 7 4 8 3 8 8 4 5 7 3 6 8
 3 6 8 3 6 6 2 9 1 1 1 8 3 6 8 4 8 9 1 1 2 9 1 3 6 4 2 2 9 9 1 7 2 2 7 4 8
 2 9 4 4 2 5 3 9 2 7 1 5 3 5 1 5 8 4 5]"
0.4399810066476733,"[4 8 1 5 1 5 1 7 2 4 7 2 7 4 8 5 2 9 3 6 4 8 2 7 3 6 4 8 3 8 8 1 7 4 6 3 7
 3 6 8 3 6 6 2 7 1 7 1 8 3 6 6 4 9 8 1 9 1 9 1 3 5 4 6 2 9 8 1 5 4 7 2 2 9
 1 4 6 4 1 9 4 3 7 1 1 5 2 9 1 5 9 4 5]","[9 1 8 5 1 5 5 1 9 4 5 3 7 4 6 8 2 9 3 7 4 8 3 8 3 9 4 8 3 5 8 1 9 7 3 8 3
 3 6 8 3 6 2 5 3 1 5 1 6 3 6 8 4 8 8 2 5 2 9 1 3 6 4 7 2 9 8 1 5 6 2 9 4 8
 2 4 5 4 2 5 3 3 9 2 5 1 9 6 4 8 6 2 5]"
0.3965574548907882,"[4 8 1 5 1 5 1 7 2 4 7 2 7 4 8 5 2 9 3 6 4 8 2 7 3 6 4 8 3 8 8 1 7 4 6 3 7
 3 6 8 3 6 6 2 7 1 7 1 8 3 6 6 4 9 8 1 9 1 9 1 3 5 4 6 2 9 8 1 5 4 7 2 2 9
 1 4 6 4 1 9 4 3 7 1 1 5 2 9 1 5 9 4 5]","[1 1 8 5 5 1 5 5 9 4 7 3 7 4 9 8 2 9 3 7 4 8 3 7 9 4 5 8 3 7 8 1 5 7 7 2 8
 2 8 8 3 6 2 5 3 1 5 1 8 3 6 8 2 8 8 2 7 2 7 1 3 7 4 7 2 9 9 1 5 7 2 9 4 6
 3 4 7 4 4 7 3 3 9 2 5 1 5 5 4 8 9 4 5]"
0.5460588793922128,"[4 8 1 5 1 5 1 7 2 4 7 2 7 4 8 5 2 9 3 6 4 8 2 7 3 6 4 8 3 8 8 1 7 4 6 3 7
 3 6 8 3 6 6 2 7 1 7 1 8 3 6 6 4 9 8 1 9 1 9 1 3 5 4 6 2 9 8 1 5 4 7 2 2 9
 1 4 6 4 1 9 4 3 7 1 1 5 2 9 1 5 9 4 5]","[4 8 1 5 1 9 5 5 5 4 5 3 7 4 6 8 2 9 2 2 1 8 2 7 3 7 4 8 3 8 8 4 9 7 3 8 7
 3 6 8 3 6 2 5 3 1 5 1 8 3 6 9 4 8 8 2 5 1 9 1 3 6 4 7 2 9 8 1 9 6 2 9 4 4
 2 4 5 4 2 5 3 2 9 1 1 5 2 5 1 5 9 4 5]"
0.3803893637226971,"[4 8 1 5 1 5 1 7 2 4 7 2 7 4 8 5 2 9 3 6 4 8 2 7 3 6 4 8 3 8 8 1 7 4 6 3 7
 3 6 8 3 6 6 2 7 1 7 1 8 3 6 6 4 9 8 1 9 1 9 1 3 5 4 6 2 9 8 1 5 4 7 2 2 9
 1 4 6 4 1 9 4 3 7 1 1 5 2 9 1 5 9 4 5]","[9 9 1 1 5 1 5 4 6 1 5 3 7 4 6 6 2 9 8 7 7 8 2 7 3 5 4 8 3 5 8 1 5 3 6 6 8
 2 8 7 3 6 2 5 3 1 5 1 7 4 7 8 2 5 8 2 5 2 9 1 3 7 4 6 2 9 9 1 5 2 8 2 4 8
 3 4 6 3 2 5 3 2 7 7 5 1 9 5 1 5 6 4 4]"
0.46980056980056983,"[4 8 1 5 1 5 1 7 2 4 7 2 7 4 8 5 2 9 3 6 4 8 2 7 3 6 4 8 3 8 8 1 7 4 6 3 7
 3 6 8 3 6 6 2 7 1 7 1 8 3 6 6 4 9 8 1 9 1 9 1 3 5 4 6 2 9 8 1 5 4 7 2 2 9
 1 4 6 4 1 9 4 3 7 1 1 5 2 9 1 5 9 4 5]","[9 8 1 5 5 1 5 5 5 4 5 3 7 4 9 8 2 9 2 7 7 8 2 5 3 5 4 8 3 5 8 4 5 7 3 6 7
 3 6 8 3 6 2 5 3 1 5 1 8 3 6 8 2 8 8 2 5 2 9 1 3 7 4 7 2 9 8 1 5 2 7 1 7 2
 8 4 5 3 2 7 3 9 2 1 1 1 9 5 1 5 8 4 5]"
0.5151946818613485,"[4 8 1 5 1 5 1 7 2 4 7 2 7 4 8 5 2 9 3 6 4 8 2 7 3 6 4 8 3 8 8 1 7 4 6 3 7
 3 6 8 3 6 6 2 7 1 7 1 8 3 6 6 4 9 8 1 9 1 9 1 3 5 4 6 2 9 8 1 5 4 7 2 2 9
 1 4 6 4 1 9 4 3 7 1 1 5 2 9 1 5 9 4 5]","[9 1 1 5 1 5 5 5 5 4 8 2 7 4 6 8 2 9 3 7 4 8 2 5 3 5 4 8 3 6 8 1 5 7 3 6 7
 3 6 7 3 6 2 5 1 1 5 1 8 3 6 8 4 8 8 2 7 2 9 1 3 7 4 7 2 9 9 1 7 7 9 9 4 8
 2 4 5 4 2 5 3 9 9 1 1 5 2 5 1 5 9 4 4]"
0.48288224121557444,"[4 8 1 5 1 5 1 7 2 4 7 2 7 4 8 5 2 9 3 6 4 8 2 7 3 6 4 8 3 8 8 1 7 4 6 3 7
 3 6 8 3 6 6 2 7 1 7 1 8 3 6 6 4 9 8 1 9 1 9 1 3 5 4 6 2 9 8 1 5 4 7 2 2 9
 1 4 6 4 1 9 4 3 7 1 1 5 2 9 1 5 9 4 5]","[2 1 1 5 1 5 5 5 6 4 7 2 7 4 9 8 2 9 3 7 7 8 2 7 3 5 4 8 2 5 8 1 5 7 3 3 3
 3 6 6 3 6 2 5 2 1 1 1 7 2 6 8 4 8 8 1 5 2 9 1 3 7 4 6 2 9 9 1 9 7 2 8 4 8
 3 4 5 4 2 5 3 3 7 7 5 1 9 5 1 9 6 4 5]"
0.39893162393162396,"[4 8 1 5 1 5 1 7 2 4 7 2 7 4 8 5 2 9 3 6 4 8 2 7 3 6 4 8 3 8 8 1 7 4 6 3 7
 3 6 8 3 6 6 2 7 1 7 1 8 3 6 6 4 9 8 1 9 1 9 1 3 5 4 6 2 9 8 1 5 4 7 2 2 9
 1 4 6 4 1 9 4 3 7 1 1 5 2 9 1 5 9 4 5]","[9 1 1 5 1 1 5 5 5 1 5 3 5 4 6 8 2 9 9 2 7 8 3 5 3 7 4 8 3 5 8 4 9 4 7 2 7
 3 8 8 3 6 5 2 9 1 1 1 8 2 8 9 4 8 8 2 5 2 9 1 3 5 4 2 2 9 9 1 9 2 2 9 4 9
 2 4 5 4 2 5 3 9 2 8 5 5 3 5 1 8 6 4 8]"
0.4405033238366572,"[4 8 1 5 1 5 1 7 2 4 7 2 7 4 8 5 2 9 3 6 4 8 2 7 3 6 4 8 3 8 8 1 7 4 6 3 7
 3 6 8 3 6 6 2 7 1 7 1 8 3 6 6 4 9 8 1 9 1 9 1 3 5 4 6 2 9 8 1 5 4 7 2 2 9
 1 4 6 4 1 9 4 3 7 1 1 5 2 9 1 5 9 4 5]","[4 8 1 5 5 1 5 1 9 1 7 3 7 4 6 8 2 9 2 7 4 8 2 7 3 5 4 8 3 5 8 4 5 7 3 8 8
 3 7 7 3 6 2 5 3 1 5 1 7 3 7 8 4 5 8 2 9 2 7 1 3 5 4 7 2 9 8 1 9 2 8 1 4 9
 2 4 5 4 2 6 3 2 9 1 5 1 9 5 1 9 9 4 8]"
0.40223171889838555,"[4 8 1 5 1 5 1 7 2 4 7 2 7 4 8 5 2 9 3 6 4 8 2 7 3 6 4 8 3 8 8 1 7 4 6 3 7
 3 6 8 3 6 6 2 7 1 7 1 8 3 6 6 4 9 8 1 9 1 9 1 3 5 4 6 2 9 8 1 5 4 7 2 2 9
 1 4 6 4 1 9 4 3 7 1 1 5 2 9 1 5 9 4 5]","[1 5 3 5 5 1 7 4 9 4 7 3 7 4 9 8 4 9 2 7 2 8 3 7 3 5 4 8 2 5 8 4 7 4 8 2 8
 2 8 8 3 6 4 7 3 1 5 1 8 2 6 8 4 8 8 2 5 2 7 1 3 6 4 6 2 9 9 1 5 2 8 2 2 8
 3 4 7 4 2 5 3 3 9 2 5 1 9 6 2 9 9 4 8]"
0.4325735992402659,"[4 8 1 5 1 5 1 7 2 4 7 2 7 4 8 5 2 9 3 6 4 8 2 7 3 6 4 8 3 8 8 1 7 4 6 3 7
 3 6 8 3 6 6 2 7 1 7 1 8 3 6 6 4 9 8 1 9 1 9 1 3 5 4 6 2 9 8 1 5 4 7 2 2 9
 1 4 6 4 1 9 4 3 7 1 1 5 2 9 1 5 9 4 5]","[4 5 1 5 1 5 5 1 9 4 7 3 7 4 9 8 2 9 3 7 2 8 3 7 3 9 4 8 2 5 8 1 9 7 3 8 9
 3 6 8 3 6 2 5 5 1 1 1 7 4 6 8 2 8 8 2 5 2 9 1 3 5 4 7 2 9 8 1 9 7 2 9 4 8
 2 4 5 4 2 6 3 2 9 2 5 1 9 5 4 8 6 4 5]"
0.4835944919278253,"[4 8 1 5 1 5 1 7 2 4 7 2 7 4 8 5 2 9 3 6 4 8 2 7 3 6 4 8 3 8 8 1 7 4 6 3 7
 3 6 8 3 6 6 2 7 1 7 1 8 3 6 6 4 9 8 1 9 1 9 1 3 5 4 6 2 9 8 1 5 4 7 2 2 9
 1 4 6 4 1 9 4 3 7 1 1 5 2 9 1 5 9 4 5]","[4 8 1 5 5 5 5 1 9 4 5 3 7 4 9 8 2 9 2 8 2 8 3 7 3 5 4 8 3 8 8 1 9 7 4 8 7
 3 6 8 3 6 2 5 1 1 1 1 8 3 6 9 4 8 8 2 5 2 9 1 3 6 4 2 2 9 8 1 5 2 2 9 4 8
 2 4 5 3 4 5 3 9 9 2 5 1 9 6 1 5 6 2 5]"
0.44584520417853746,"[4 8 1 5 1 5 1 7 2 4 7 2 7 4 8 5 2 9 3 6 4 8 2 7 3 6 4 8 3 8 8 1 7 4 6 3 7
 3 6 8 3 6 6 2 7 1 7 1 8 3 6 6 4 9 8 1 9 1 9 1 3 5 4 6 2 9 8 1 5 4 7 2 2 9
 1 4 6 4 1 9 4 3 7 1 1 5 2 9 1 5 9 4 5]","[1 1 1 5 1 5 5 1 9 4 5 3 7 4 6 8 2 9 2 7 4 8 2 5 3 5 4 8 3 6 8 1 5 7 3 8 3
 3 6 8 3 6 2 5 3 1 5 1 8 2 6 8 3 8 8 2 5 2 7 1 3 5 4 6 2 9 8 1 8 2 2 9 4 8
 2 4 7 4 4 5 3 2 9 1 5 2 9 5 1 9 9 4 9]"
0.417948717948718,"[4 8 1 5 1 5 1 7 2 4 7 2 7 4 8 5 2 9 3 6 4 8 2 7 3 6 4 8 3 8 8 1 7 4 6 3 7
 3 6 8 3 6 6 2 7 1 7 1 8 3 6 6 4 9 8 1 9 1 9 1 3 5 4 6 2 9 8 1 5 4 7 2 2 9
 1 4 6 4 1 9 4 3 7 1 1 5 2 9 1 5 9 4 5]","[1 5 1 5 1 5 5 5 3 4 5 3 7 4 8 8 2 9 4 7 2 8 3 7 3 5 4 8 2 5 8 1 5 7 3 6 3
 2 6 8 3 6 4 5 1 5 1 9 8 3 6 8 2 8 8 2 5 2 9 1 3 7 4 2 2 9 8 1 5 2 2 9 4 8
 2 4 5 3 4 6 3 9 7 2 5 5 9 6 1 8 6 4 8]"
0.5435660018993352,"[4 8 1 5 1 5 1 7 2 4 7 2 7 4 8 5 2 9 3 6 4 8 2 7 3 6 4 8 3 8 8 1 7 4 6 3 7
 3 6 8 3 6 6 2 7 1 7 1 8 3 6 6 4 9 8 1 9 1 9 1 3 5 4 6 2 9 8 1 5 4 7 2 2 9
 1 4 6 4 1 9 4 3 7 1 1 5 2 9 1 5 9 4 5]","[9 1 7 5 1 5 5 5 9 1 7 3 7 4 8 5 2 9 2 7 2 8 1 7 3 5 4 8 2 7 8 1 9 4 7 3 7
 3 7 8 3 6 2 5 1 1 5 1 8 3 6 8 3 8 8 2 5 2 9 1 3 7 4 8 2 9 9 1 5 2 5 1 4 8
 2 4 7 3 4 7 3 3 7 1 1 5 2 6 1 5 9 4 5]"
0.40809591642924975,"[4 8 1 5 1 5 1 7 2 4 7 2 7 4 8 5 2 9 3 6 4 8 2 7 3 6 4 8 3 8 8 1 7 4 6 3 7
 3 6 8 3 6 6 2 7 1 7 1 8 3 6 6 4 9 8 1 9 1 9 1 3 5 4 6 2 9 8 1 5 4 7 2 2 9
 1 4 6 4 1 9 4 3 7 1 1 5 2 9 1 5 9 4 5]","[1 5 1 2 1 1 5 4 9 4 5 3 7 4 9 8 1 9 2 7 2 8 3 6 3 5 4 8 3 5 8 1 9 7 6 8 9
 4 6 8 3 6 4 5 3 1 1 1 8 3 6 9 4 8 8 2 9 2 7 1 3 7 4 7 2 9 9 1 9 4 2 9 4 8
 2 4 5 4 2 5 3 3 9 2 5 1 9 5 1 5 9 4 6]"
0.3561253561253561,"[4 8 1 5 1 5 1 7 2 4 7 2 7 4 8 5 2 9 3 6 4 8 2 7 3 6 4 8 3 8 8 1 7 4 6 3 7
 3 6 8 3 6 6 2 7 1 7 1 8 3 6 6 4 9 8 1 9 1 9 1 3 5 4 6 2 9 8 1 5 4 7 2 2 9
 1 4 6 4 1 9 4 3 7 1 1 5 2 9 1 5 9 4 5]","[1 1 5 2 5 1 5 5 3 4 8 3 7 4 9 6 2 9 3 7 4 8 2 7 3 5 5 8 2 5 8 4 5 7 7 6 7
 2 6 7 3 6 2 5 3 2 5 1 6 2 7 8 2 5 8 2 5 2 9 1 3 7 4 6 2 9 9 1 8 2 2 2 4 8
 2 4 9 4 2 5 3 2 9 1 5 2 9 5 1 9 9 4 9]"
0.4017094017094017,"[4 8 1 5 1 5 1 7 2 4 7 2 7 4 8 5 2 9 3 6 4 8 2 7 3 6 4 8 3 8 8 1 7 4 6 3 7
 3 6 8 3 6 6 2 7 1 7 1 8 3 6 6 4 9 8 1 9 1 9 1 3 5 4 6 2 9 8 1 5 4 7 2 2 9
 1 4 6 4 1 9 4 3 7 1 1 5 2 9 1 5 9 4 5]","[4 8 1 5 5 1 5 5 9 4 5 3 7 4 9 8 2 9 2 7 4 8 3 3 3 7 4 8 2 8 8 4 9 7 3 8 7
 3 8 8 3 6 2 5 2 1 5 1 7 3 6 8 2 8 8 2 5 2 9 1 3 7 4 7 2 8 9 1 5 2 2 1 4 8
 8 4 5 4 2 5 3 2 9 2 5 5 9 6 1 8 6 2 5]"
0.44316239316239314,"[4 8 1 5 1 5 1 7 2 4 7 2 7 4 8 5 2 9 3 6 4 8 2 7 3 6 4 8 3 8 8 1 7 4 6 3 7
 3 6 8 3 6 6 2 7 1 7 1 8 3 6 6 4 9 8 1 9 1 9 1 3 5 4 6 2 9 8 1 5 4 7 2 2 9
 1 4 6 4 1 9 4 3 7 1 1 5 2 9 1 5 9 4 5]","[1 7 2 2 5 1 5 1 9 4 7 3 7 4 9 8 2 9 2 8 1 8 2 7 3 9 4 8 3 5 8 1 5 7 6 6 7
 7 6 7 3 6 1 5 1 1 5 1 8 3 6 8 3 8 8 2 9 2 9 1 3 6 4 6 2 9 9 1 9 4 8 1 4 8
 3 4 9 4 2 5 3 2 9 1 5 2 9 6 1 5 6 2 5]"
0.4595204178537512,"[4 8 1 5 1 5 1 7 2 4 7 2 7 4 8 5 2 9 3 6 4 8 2 7 3 6 4 8 3 8 8 1 7 4 6 3 7
 3 6 8 3 6 6 2 7 1 7 1 8 3 6 6 4 9 8 1 9 1 9 1 3 5 4 6 2 9 8 1 5 4 7 2 2 9
 1 4 6 4 1 9 4 3 7 1 1 5 2 9 1 5 9 4 5]","[9 1 1 2 5 1 5 5 5 2 8 1 7 4 6 8 2 9 9 2 5 8 2 7 3 5 4 8 3 8 8 4 5 7 3 6 8
 3 6 8 3 6 2 5 4 2 5 1 7 3 6 8 4 8 8 2 5 2 9 1 3 5 4 7 2 9 8 1 5 2 9 1 4 9
 2 4 4 4 2 5 3 2 9 1 1 5 3 5 1 9 9 4 8]"
0.4578822412155746,"[4 8 1 5 1 5 1 7 2 4 7 2 7 4 8 5 2 9 3 6 4 8 2 7 3 6 4 8 3 8 8 1 7 4 6 3 7
 3 6 8 3 6 6 2 7 1 7 1 8 3 6 6 4 9 8 1 9 1 9 1 3 5 4 6 2 9 8 1 5 4 7 2 2 9
 1 4 6 4 1 9 4 3 7 1 1 5 2 9 1 5 9 4 5]","[9 1 5 2 5 1 5 5 6 4 5 3 7 4 9 8 2 9 2 7 1 8 1 7 3 5 4 8 3 5 8 4 7 7 3 2 7
 3 6 8 3 6 2 5 3 1 1 1 8 3 6 8 4 5 8 2 9 2 9 1 3 5 4 7 2 9 9 1 9 2 2 1 4 9
 3 4 4 4 2 5 3 2 9 1 5 5 5 5 1 9 9 4 8]"
0.5193019943019943,"[4 8 1 5 1 5 1 7 2 4 7 2 7 4 8 5 2 9 3 6 4 8 2 7 3 6 4 8 3 8 8 1 7 4 6 3 7
 3 6 8 3 6 6 2 7 1 7 1 8 3 6 6 4 9 8 1 9 1 9 1 3 5 4 6 2 9 8 1 5 4 7 2 2 9
 1 4 6 4 1 9 4 3 7 1 1 5 2 9 1 5 9 4 5]","[4 8 1 5 1 5 5 5 2 4 5 3 7 4 6 8 2 9 2 2 7 3 2 7 3 7 4 8 3 5 8 1 5 7 3 6 8
 3 6 8 3 6 2 5 3 1 1 1 8 3 6 8 2 8 8 2 9 2 7 1 3 7 4 7 2 9 9 1 5 4 2 9 4 8
 2 4 5 3 2 5 3 9 9 1 1 5 2 5 1 5 9 4 8]"
0.4277302943969611,"[4 8 1 5 1 5 1 7 2 4 7 2 7 4 8 5 2 9 3 6 4 8 2 7 3 6 4 8 3 8 8 1 7 4 6 3 7
 3 6 8 3 6 6 2 7 1 7 1 8 3 6 6 4 9 8 1 9 1 9 1 3 5 4 6 2 9 8 1 5 4 7 2 2 9
 1 4 6 4 1 9 4 3 7 1 1 5 2 9 1 5 9 4 5]","[9 1 8 5 1 5 5 5 5 4 7 3 7 4 9 8 2 9 2 7 4 8 3 7 3 5 4 8 2 5 8 1 9 7 7 2 7
 2 6 7 3 6 2 5 3 5 5 1 8 3 6 8 2 8 8 2 5 2 7 1 3 7 4 7 2 9 9 1 9 2 7 1 4 6
 3 4 5 3 4 5 3 9 2 7 5 5 2 5 1 8 9 4 5]"
0.4341168091168091,"[4 8 1 5 1 5 1 7 2 4 7 2 7 4 8 5 2 9 3 6 4 8 2 7 3 6 4 8 3 8 8 1 7 4 6 3 7
 3 6 8 3 6 6 2 7 1 7 1 8 3 6 6 4 9 8 1 9 1 9 1 3 5 4 6 2 9 8 1 5 4 7 2 2 9
 1 4 6 4 1 9 4 3 7 1 1 5 2 9 1 5 9 4 5]","[4 5 1 2 5 1 7 4 9 4 5 2 7 4 8 8 2 9 2 8 4 8 1 5 3 9 1 8 2 8 8 1 5 7 3 6 7
 2 6 8 3 6 2 5 1 1 1 9 8 3 6 9 4 8 8 1 9 3 9 1 3 7 4 2 2 9 9 1 9 2 2 1 4 9
 8 4 8 2 2 5 3 1 9 1 5 1 9 5 1 5 6 4 8]"
0.44985754985754983,"[4 8 1 5 1 5 1 7 2 4 7 2 7 4 8 5 2 9 3 6 4 8 2 7 3 6 4 8 3 8 8 1 7 4 6 3 7
 3 6 8 3 6 6 2 7 1 7 1 8 3 6 6 4 9 8 1 9 1 9 1 3 5 4 6 2 9 8 1 5 4 7 2 2 9
 1 4 6 4 1 9 4 3 7 1 1 5 2 9 1 5 9 4 5]","[9 1 8 5 1 5 5 5 3 1 5 3 7 4 9 8 2 9 3 7 4 3 7 1 3 4 4 8 3 7 8 4 5 7 7 8 7
 3 8 7 3 6 2 5 3 1 5 1 8 3 8 8 4 8 8 2 9 2 9 1 3 7 4 2 2 9 8 1 9 2 2 8 4 2
 2 4 5 4 2 5 3 3 9 1 5 5 3 5 1 5 9 4 8]"
0.4439696106362773,"[4 8 1 5 1 5 1 7 2 4 7 2 7 4 8 5 2 9 3 6 4 8 2 7 3 6 4 8 3 8 8 1 7 4 6 3 7
 3 6 8 3 6 6 2 7 1 7 1 8 3 6 6 4 9 8 1 9 1 9 1 3 5 4 6 2 9 8 1 5 4 7 2 2 9
 1 4 6 4 1 9 4 3 7 1 1 5 2 9 1 5 9 4 5]","[2 8 1 5 1 1 5 5 3 2 5 3 7 4 8 6 2 9 2 2 1 8 3 7 3 9 4 8 3 5 7 4 8 7 3 3 8
 3 6 8 3 6 2 5 4 2 5 1 8 2 5 8 2 5 8 2 9 2 9 1 3 7 4 7 2 9 8 1 9 2 2 1 4 8
 2 4 4 3 2 5 3 2 2 7 1 5 9 5 1 5 9 4 5]"
0.4460351377018043,"[4 8 1 5 1 5 1 7 2 4 7 2 7 4 8 5 2 9 3 6 4 8 2 7 3 6 4 8 3 8 8 1 7 4 6 3 7
 3 6 8 3 6 6 2 7 1 7 1 8 3 6 6 4 9 8 1 9 1 9 1 3 5 4 6 2 9 8 1 5 4 7 2 2 9
 1 4 6 4 1 9 4 3 7 1 1 5 2 9 1 5 9 4 5]","[9 8 8 5 1 5 5 1 9 4 5 2 7 4 9 8 1 9 2 7 1 8 1 7 3 5 4 8 3 5 8 1 5 7 3 6 7
 3 6 8 3 6 2 5 2 1 5 1 8 3 6 8 3 8 2 2 9 2 9 1 3 7 4 2 2 9 9 1 9 7 2 9 4 8
 2 9 9 4 2 5 3 9 9 1 5 2 9 5 1 5 9 4 8]"
0.4305318138651472,"[4 8 1 5 1 5 1 7 2 4 7 2 7 4 8 5 2 9 3 6 4 8 2 7 3 6 4 8 3 8 8 1 7 4 6 3 7
 3 6 8 3 6 6 2 7 1 7 1 8 3 6 6 4 9 8 1 9 1 9 1 3 5 4 6 2 9 8 1 5 4 7 2 2 9
 1 4 6 4 1 9 4 3 7 1 1 5 2 9 1 5 9 4 5]","[4 1 1 2 5 1 5 5 3 4 5 3 7 4 9 8 2 9 3 7 4 8 1 7 3 5 4 8 2 5 8 4 5 7 3 8 7
 3 6 8 3 6 2 5 3 1 1 1 8 2 6 9 4 8 8 2 7 2 9 1 3 7 4 7 2 9 8 1 9 2 2 2 4 8
 2 4 5 4 2 5 3 2 9 2 5 5 9 5 4 5 6 4 9]"
0.42136752136752137,"[4 8 1 5 1 5 1 7 2 4 7 2 7 4 8 5 2 9 3 6 4 8 2 7 3 6 4 8 3 8 8 1 7 4 6 3 7
 3 6 8 3 6 6 2 7 1 7 1 8 3 6 6 4 9 8 1 9 1 9 1 3 5 4 6 2 9 8 1 5 4 7 2 2 9
 1 4 6 4 1 9 4 3 7 1 1 5 2 9 1 5 9 4 5]","[9 1 8 5 1 5 5 4 6 4 7 3 7 4 9 8 2 6 3 7 4 8 3 7 3 5 4 8 2 7 8 1 5 7 7 2 9
 2 6 8 3 6 5 4 3 1 5 1 8 2 6 8 4 8 8 2 5 2 9 1 3 7 4 7 2 9 9 1 5 2 2 2 4 8
 3 4 7 4 2 6 3 9 9 2 5 1 9 6 2 5 6 4 4]"
0.4226020892687559,"[4 8 1 5 1 5 1 7 2 4 7 2 7 4 8 5 2 9 3 6 4 8 2 7 3 6 4 8 3 8 8 1 7 4 6 3 7
 3 6 8 3 6 6 2 7 1 7 1 8 3 6 6 4 9 8 1 9 1 9 1 3 5 4 6 2 9 8 1 5 4 7 2 2 9
 1 4 6 4 1 9 4 3 7 1 1 5 2 9 1 5 9 4 5]","[4 8 1 5 1 5 5 4 9 4 8 1 7 4 9 8 2 9 3 7 4 8 2 5 3 5 4 8 2 5 8 1 5 7 3 6 3
 2 7 7 3 6 2 5 1 1 1 1 6 2 6 8 2 5 9 2 5 3 7 1 3 7 4 7 2 9 8 1 5 7 2 9 4 8
 2 4 5 4 2 5 3 2 7 1 5 1 9 5 1 5 9 4 8]"
0.49677113010446333,"[4 8 1 5 1 5 1 7 2 4 7 2 7 4 8 5 2 9 3 6 4 8 2 7 3 6 4 8 3 8 8 1 7 4 6 3 7
 3 6 8 3 6 6 2 7 1 7 1 8 3 6 6 4 9 8 1 9 1 9 1 3 5 4 6 2 9 8 1 5 4 7 2 2 9
 1 4 6 4 1 9 4 3 7 1 1 5 2 9 1 5 9 4 5]","[9 8 1 5 1 5 5 5 6 4 5 3 7 4 9 8 2 9 3 7 1 8 2 5 3 7 4 8 3 5 8 1 5 7 3 6 3
 3 6 8 3 6 2 5 1 1 5 1 8 3 6 8 4 5 8 2 7 2 9 1 3 6 4 7 2 9 8 1 9 2 2 1 4 8
 2 4 5 4 2 5 3 9 2 7 1 5 2 5 1 5 6 4 9]"
0.4729107312440645,"[4 8 1 5 1 5 1 7 2 4 7 2 7 4 8 5 2 9 3 6 4 8 2 7 3 6 4 8 3 8 8 1 7 4 6 3 7
 3 6 8 3 6 6 2 7 1 7 1 8 3 6 6 4 9 8 1 9 1 9 1 3 5 4 6 2 9 8 1 5 4 7 2 2 9
 1 4 6 4 1 9 4 3 7 1 1 5 2 9 1 5 9 4 5]","[4 8 1 5 1 5 5 4 5 4 7 3 7 4 8 7 2 9 2 7 2 8 3 7 3 5 4 8 3 6 8 1 5 7 2 2 6
 2 6 7 3 6 4 5 4 5 1 1 8 3 6 8 2 8 8 2 5 2 9 1 3 7 4 7 2 8 8 1 5 4 7 2 4 8
 3 4 4 4 2 7 3 9 9 1 5 1 9 9 4 9 6 4 6]"
0.36301044634377966,"[4 8 1 5 1 5 1 7 2 4 7 2 7 4 8 5 2 9 3 6 4 8 2 7 3 6 4 8 3 8 8 1 7 4 6 3 7
 3 6 8 3 6 6 2 7 1 7 1 8 3 6 6 4 9 8 1 9 1 9 1 3 5 4 6 2 9 8 1 5 4 7 2 2 9
 1 4 6 4 1 9 4 3 7 1 1 5 2 9 1 5 9 4 5]","[1 5 1 5 1 5 5 1 9 4 7 3 7 4 8 6 2 9 2 7 7 8 3 6 3 9 4 8 2 5 8 1 5 7 2 8 6
 2 8 7 2 6 2 5 3 5 1 9 8 3 6 8 3 8 8 2 9 2 9 1 3 7 4 2 2 9 9 1 9 2 8 2 4 6
 3 1 5 4 2 6 3 9 9 2 5 2 9 5 4 9 9 4 9]"
0.40251661918328585,"[4 8 1 5 1 5 1 7 2 4 7 2 7 4 8 5 2 9 3 6 4 8 2 7 3 6 4 8 3 8 8 1 7 4 6 3 7
 3 6 8 3 6 6 2 7 1 7 1 8 3 6 6 4 9 8 1 9 1 9 1 3 5 4 6 2 9 8 1 5 4 7 2 2 9
 1 4 6 4 1 9 4 3 7 1 1 5 2 9 1 5 9 4 5]","[7 2 8 5 5 1 5 4 9 1 5 3 7 4 9 6 2 9 3 7 4 8 2 5 3 5 4 8 3 6 8 1 9 8 3 8 8
 3 6 8 3 6 2 5 5 1 5 1 8 3 6 8 3 8 9 2 5 2 9 1 3 7 4 7 2 9 8 1 9 7 2 8 4 5
 3 4 5 3 2 6 3 9 9 2 1 1 9 5 1 5 8 4 4]"
0.43637226970560294,"[4 8 1 5 1 5 1 7 2 4 7 2 7 4 8 5 2 9 3 6 4 8 2 7 3 6 4 8 3 8 8 1 7 4 6 3 7
 3 6 8 3 6 6 2 7 1 7 1 8 3 6 6 4 9 8 1 9 1 9 1 3 5 4 6 2 9 8 1 5 4 7 2 2 9
 1 4 6 4 1 9 4 3 7 1 1 5 2 9 1 5 9 4 5]","[9 1 5 5 1 1 5 5 3 4 5 3 7 4 8 8 2 9 2 7 1 8 2 5 3 7 4 8 3 5 8 1 5 7 3 6 3
 3 6 7 3 6 2 5 2 1 5 1 7 3 8 8 2 5 8 1 5 2 9 1 3 7 4 7 2 9 9 1 5 7 2 9 4 8
 2 4 5 4 2 7 3 9 2 7 1 5 2 5 4 9 9 4 5]"
0.5038698955365623,"[4 8 1 5 1 5 1 7 2 4 7 2 7 4 8 5 2 9 3 6 4 8 2 7 3 6 4 8 3 8 8 1 7 4 6 3 7
 3 6 8 3 6 6 2 7 1 7 1 8 3 6 6 4 9 8 1 9 1 9 1 3 5 4 6 2 9 8 1 5 4 7 2 2 9
 1 4 6 4 1 9 4 3 7 1 1 5 2 9 1 5 9 4 5]","[9 1 8 5 1 5 5 5 3 4 7 2 7 4 8 6 2 9 3 9 2 8 2 7 3 5 4 8 3 5 8 4 5 7 3 6 9
 3 8 8 3 6 4 5 4 1 5 1 8 3 6 8 4 8 9 4 5 7 9 2 3 6 4 7 2 9 8 1 5 2 7 2 4 8
 2 4 5 4 2 5 3 2 9 1 1 1 9 5 1 9 9 4 9]"
0.46927825261158596,"[4 8 1 5 1 5 1 7 2 4 7 2 7 4 8 5 2 9 3 6 4 8 2 7 3 6 4 8 3 8 8 1 7 4 6 3 7
 3 6 8 3 6 6 2 7 1 7 1 8 3 6 6 4 9 8 1 9 1 9 1 3 5 4 6 2 9 8 1 5 4 7 2 2 9
 1 4 6 4 1 9 4 3 7 1 1 5 2 9 1 5 9 4 5]","[9 1 8 5 1 5 5 1 5 1 5 2 7 4 6 6 2 9 3 7 1 8 2 7 3 5 5 8 3 8 7 4 9 7 3 6 3
 3 6 6 3 6 2 5 2 1 1 1 6 2 6 8 3 8 8 2 5 2 9 1 3 7 4 7 2 9 8 1 5 7 2 9 4 8
 2 4 7 4 4 5 3 2 2 1 1 5 2 5 1 5 8 4 5]"
0.4528252611585945,"[4 8 1 5 1 5 1 7 2 4 7 2 7 4 8 5 2 9 3 6 4 8 2 7 3 6 4 8 3 8 8 1 7 4 6 3 7
 3 6 8 3 6 6 2 7 1 7 1 8 3 6 6 4 9 8 1 9 1 9 1 3 5 4 6 2 9 8 1 5 4 7 2 2 9
 1 4 6 4 1 9 4 3 7 1 1 5 2 9 1 5 9 4 5]","[9 4 8 2 8 1 5 5 5 1 7 1 7 4 8 8 2 9 3 7 1 8 2 7 3 5 4 8 3 7 8 1 5 7 3 6 7
 3 6 8 3 6 2 5 3 1 7 1 7 3 6 8 3 5 8 2 9 2 9 1 3 7 4 7 2 8 9 1 9 7 2 9 4 8
 2 4 5 4 2 5 3 2 2 1 1 2 9 5 1 5 9 4 9]"
0.31785375118708453,"[4 8 1 5 1 5 1 7 2 4 7 2 7 4 8 5 2 9 3 6 4 8 2 7 3 6 4 8 3 8 8 1 7 4 6 3 7
 3 6 8 3 6 6 2 7 1 7 1 8 3 6 6 4 9 8 1 9 1 9 1 3 5 4 6 2 9 8 1 5 4 7 2 2 9
 1 4 6 4 1 9 4 3 7 1 1 5 2 9 1 5 9 4 5]","[9 1 8 2 5 1 5 5 6 1 5 3 7 4 6 8 2 9 3 7 4 8 2 8 3 5 4 8 2 5 8 1 5 7 3 8 3
 3 5 7 3 6 2 5 8 1 5 1 7 2 6 8 4 8 8 2 5 2 9 1 3 7 4 7 2 9 9 1 9 2 2 9 4 8
 2 4 4 3 2 6 3 9 2 7 5 1 9 5 1 8 6 4 4]"
0.4609449192782526,"[4 8 1 5 1 5 1 7 2 4 7 2 7 4 8 5 2 9 3 6 4 8 2 7 3 6 4 8 3 8 8 1 7 4 6 3 7
 3 6 8 3 6 6 2 7 1 7 1 8 3 6 6 4 9 8 1 9 1 9 1 3 5 4 6 2 9 8 1 5 4 7 2 2 9
 1 4 6 4 1 9 4 3 7 1 1 5 2 9 1 5 9 4 5]","[2 1 1 2 5 1 5 4 6 2 6 3 7 4 6 6 2 9 3 8 8 8 2 7 3 5 1 8 3 6 8 4 7 3 6 6 3
 3 6 8 3 6 2 5 1 1 1 1 7 3 6 8 2 5 8 2 7 2 9 1 3 5 4 7 2 9 8 1 9 2 2 1 4 9
 4 4 5 4 2 5 3 2 2 1 1 5 3 5 1 5 6 4 8]"
0.40982905982905987,"[4 8 1 5 1 5 1 7 2 4 7 2 7 4 8 5 2 9 3 6 4 8 2 7 3 6 4 8 3 8 8 1 7 4 6 3 7
 3 6 8 3 6 6 2 7 1 7 1 8 3 6 6 4 9 8 1 9 1 9 1 3 5 4 6 2 9 8 1 5 4 7 2 2 9
 1 4 6 4 1 9 4 3 7 1 1 5 2 9 1 5 9 4 5]","[9 1 5 2 5 1 5 1 5 4 5 1 7 4 6 8 2 9 2 7 7 8 1 7 3 5 4 8 3 7 8 1 5 7 9 2 7
 3 6 8 3 6 2 5 1 1 1 1 8 2 8 8 3 8 8 2 9 2 9 1 3 6 4 2 2 9 9 1 7 2 9 1 4 8
 3 4 5 4 2 5 3 2 2 7 1 1 3 6 1 5 9 4 5]"
0.45510446343779676,"[4 8 1 5 1 5 1 7 2 4 7 2 7 4 8 5 2 9 3 6 4 8 2 7 3 6 4 8 3 8 8 1 7 4 6 3 7
 3 6 8 3 6 6 2 7 1 7 1 8 3 6 6 4 9 8 1 9 1 9 1 3 5 4 6 2 9 8 1 5 4 7 2 2 9
 1 4 6 4 1 9 4 3 7 1 1 5 2 9 1 5 9 4 5]","[9 9 8 2 1 5 1 1 7 4 5 3 7 4 8 8 2 9 2 2 1 8 2 5 3 9 4 8 3 6 8 1 7 7 3 3 3
 3 6 8 3 6 2 5 2 1 5 1 5 4 6 8 4 5 8 2 7 2 9 1 3 7 4 2 2 9 8 1 9 7 2 9 4 8
 2 4 9 4 2 5 3 3 9 1 5 1 9 5 1 9 9 4 9]"
0.5353513770180437,"[4 8 1 5 1 5 1 7 2 4 7 2 7 4 8 5 2 9 3 6 4 8 2 7 3 6 4 8 3 8 8 1 7 4 6 3 7
 3 6 8 3 6 6 2 7 1 7 1 8 3 6 6 4 9 8 1 9 1 9 1 3 5 4 6 2 9 8 1 5 4 7 2 2 9
 1 4 6 4 1 9 4 3 7 1 1 5 2 9 1 5 9 4 5]","[2 8 1 5 1 5 2 5 3 1 5 2 7 4 6 6 2 9 3 7 4 8 2 7 3 5 4 8 3 5 7 4 9 7 3 6 3
 3 4 8 3 6 6 5 3 1 5 1 8 3 6 8 3 5 8 2 7 2 9 1 3 5 4 7 2 9 8 1 7 7 2 8 4 6
 3 4 4 4 2 5 4 2 9 1 1 5 2 6 1 9 9 4 5]"
0.4633190883190883,"[4 8 1 5 1 5 1 7 2 4 7 2 7 4 8 5 2 9 3 6 4 8 2 7 3 6 4 8 3 8 8 1 7 4 6 3 7
 3 6 8 3 6 6 2 7 1 7 1 8 3 6 6 4 9 8 1 9 1 9 1 3 5 4 6 2 9 8 1 5 4 7 2 2 9
 1 4 6 4 1 9 4 3 7 1 1 5 2 9 1 5 9 4 5]","[8 1 1 5 1 9 5 2 5 1 5 2 7 4 9 6 2 9 8 7 7 8 2 7 3 5 4 8 3 8 8 4 5 7 3 6 9
 3 6 8 3 6 2 2 3 1 1 1 8 2 6 8 3 8 8 2 5 3 9 1 3 5 4 7 2 9 9 1 5 7 2 9 4 2
 2 4 7 4 2 5 3 9 2 7 1 2 2 6 4 9 9 4 9]"
0.4922364672364672,"[4 8 1 5 1 5 1 7 2 4 7 2 7 4 8 5 2 9 3 6 4 8 2 7 3 6 4 8 3 8 8 1 7 4 6 3 7
 3 6 8 3 6 6 2 7 1 7 1 8 3 6 6 4 9 8 1 9 1 9 1 3 5 4 6 2 9 8 1 5 4 7 2 2 9
 1 4 6 4 1 9 4 3 7 1 1 5 2 9 1 5 9 4 5]","[1 8 1 5 1 5 5 4 6 4 5 3 7 4 9 6 2 6 2 7 1 8 2 8 3 5 4 8 3 5 8 1 5 3 3 6 7
 3 6 8 3 6 5 5 3 1 1 1 8 3 6 8 4 5 8 2 5 2 9 1 3 7 4 6 2 9 8 1 5 2 2 2 4 8
 2 4 5 3 2 6 3 2 9 2 5 1 9 5 1 5 6 4 5]"
0.37979582146248814,"[4 8 1 5 1 5 1 7 2 4 7 2 7 4 8 5 2 9 3 6 4 8 2 7 3 6 4 8 3 8 8 1 7 4 6 3 7
 3 6 8 3 6 6 2 7 1 7 1 8 3 6 6 4 9 8 1 9 1 9 1 3 5 4 6 2 9 8 1 5 4 7 2 2 9
 1 4 6 4 1 9 4 3 7 1 1 5 2 9 1 5 9 4 5]","[9 1 8 2 5 5 8 1 5 4 7 3 7 4 6 8 2 9 2 7 4 8 3 7 3 5 4 8 2 7 8 1 5 7 6 6 3
 6 6 7 3 6 2 5 3 2 5 1 7 3 6 8 3 8 8 2 7 2 9 1 3 6 4 6 2 9 9 1 8 2 2 8 4 8
 2 4 6 4 2 7 3 9 2 8 5 1 5 5 4 9 9 4 8]"
0.3815289648622982,"[4 8 1 5 1 5 1 7 2 4 7 2 7 4 8 5 2 9 3 6 4 8 2 7 3 6 4 8 3 8 8 1 7 4 6 3 7
 3 6 8 3 6 6 2 7 1 7 1 8 3 6 6 4 9 8 1 9 1 9 1 3 5 4 6 2 9 8 1 5 4 7 2 2 9
 1 4 6 4 1 9 4 3 7 1 1 5 2 9 1 5 9 4 5]","[1 1 8 5 5 1 5 1 9 4 7 2 7 4 9 8 4 9 2 7 1 8 3 9 3 5 4 8 2 5 8 1 5 7 6 7 8
 2 8 7 3 6 4 5 3 1 5 1 8 3 6 8 2 5 8 2 9 1 7 1 3 7 4 2 2 6 9 1 5 2 7 2 2 5
 3 4 7 3 2 5 3 2 9 2 5 2 9 5 4 9 9 4 8]"
0.48668091168091165,"[4 8 1 5 1 5 1 7 2 4 7 2 7 4 8 5 2 9 3 6 4 8 2 7 3 6 4 8 3 8 8 1 7 4 6 3 7
 3 6 8 3 6 6 2 7 1 7 1 8 3 6 6 4 9 8 1 9 1 9 1 3 5 4 6 2 9 8 1 5 4 7 2 2 9
 1 4 6 4 1 9 4 3 7 1 1 5 2 9 1 5 9 4 5]","[9 1 1 5 1 1 5 5 2 4 7 3 7 4 8 8 2 9 3 7 1 8 2 7 3 5 1 8 3 5 8 1 5 7 3 6 8
 3 8 7 3 6 2 5 1 1 1 1 8 3 6 8 4 5 9 2 5 2 9 1 3 7 4 7 2 8 8 1 5 7 2 9 4 8
 3 4 5 4 2 5 3 2 7 1 1 5 2 9 4 9 6 4 9]"
0.448005698005698,"[4 8 1 5 1 5 1 7 2 4 7 2 7 4 8 5 2 9 3 6 4 8 2 7 3 6 4 8 3 8 8 1 7 4 6 3 7
 3 6 8 3 6 6 2 7 1 7 1 8 3 6 6 4 9 8 1 9 1 9 1 3 5 4 6 2 9 8 1 5 4 7 2 2 9
 1 4 6 4 1 9 4 3 7 1 1 5 2 9 1 5 9 4 5]","[9 1 1 5 1 9 5 5 5 4 8 2 7 4 9 8 2 9 2 7 2 8 2 9 3 5 4 8 3 5 8 4 5 7 3 8 8
 2 8 8 3 6 4 5 2 1 5 1 8 3 8 8 4 8 8 2 5 1 9 1 3 6 4 2 2 9 8 1 9 2 2 2 4 8
 3 4 5 4 2 5 3 2 9 2 1 5 2 5 1 9 9 4 8]"
0.5255698005698006,"[4 8 1 5 1 5 1 7 2 4 7 2 7 4 8 5 2 9 3 6 4 8 2 7 3 6 4 8 3 8 8 1 7 4 6 3 7
 3 6 8 3 6 6 2 7 1 7 1 8 3 6 6 4 9 8 1 9 1 9 1 3 5 4 6 2 9 8 1 5 4 7 2 2 9
 1 4 6 4 1 9 4 3 7 1 1 5 2 9 1 5 9 4 5]","[4 8 1 5 1 9 5 5 5 4 7 3 7 4 8 8 2 9 2 6 2 8 2 7 3 5 4 8 3 5 8 1 9 7 6 8 9
 3 6 8 3 6 2 5 4 1 1 7 8 2 5 8 2 8 8 2 7 2 9 1 3 5 1 7 2 9 8 1 5 7 2 9 4 8
 3 4 7 4 2 5 3 2 7 2 1 1 5 5 1 5 9 4 5]"
0.5293684710351376,"[4 8 1 5 1 5 1 7 2 4 7 2 7 4 8 5 2 9 3 6 4 8 2 7 3 6 4 8 3 8 8 1 7 4 6 3 7
 3 6 8 3 6 6 2 7 1 7 1 8 3 6 6 4 9 8 1 9 1 9 1 3 5 4 6 2 9 8 1 5 4 7 2 2 9
 1 4 6 4 1 9 4 3 7 1 1 5 2 9 1 5 9 4 5]","[2 8 1 5 1 5 5 4 6 4 5 3 4 4 3 6 2 9 3 7 1 8 2 7 3 5 4 8 3 6 8 4 9 7 3 6 7
 3 6 7 3 6 2 5 4 1 1 1 8 3 6 8 2 8 8 2 7 2 9 1 3 7 4 7 2 9 8 1 9 2 2 2 4 6
 2 4 5 4 2 5 3 3 7 1 1 5 2 5 1 5 6 2 5]"
0.4309354226020893,"[4 8 1 5 1 5 1 7 2 4 7 2 7 4 8 5 2 9 3 6 4 8 2 7 3 6 4 8 3 8 8 1 7 4 6 3 7
 3 6 8 3 6 6 2 7 1 7 1 8 3 6 6 4 9 8 1 9 1 9 1 3 5 4 6 2 9 8 1 5 4 7 2 2 9
 1 4 6 4 1 9 4 3 7 1 1 5 2 9 1 5 9 4 5]","[4 1 1 5 1 1 5 5 3 4 5 3 6 4 6 8 2 9 4 9 2 8 3 7 3 9 4 8 3 6 8 4 5 7 3 7 9
 2 6 8 3 6 4 9 2 1 5 1 8 2 6 8 4 5 8 2 5 1 7 1 3 7 4 2 2 9 8 1 5 4 2 9 4 9
 2 4 7 3 2 5 3 3 2 2 1 5 3 5 1 9 6 4 6]"
0.49902659069325733,"[4 8 1 5 1 5 1 7 2 4 7 2 7 4 8 5 2 9 3 6 4 8 2 7 3 6 4 8 3 8 8 1 7 4 6 3 7
 3 6 8 3 6 6 2 7 1 7 1 8 3 6 6 4 9 8 1 9 1 9 1 3 5 4 6 2 9 8 1 5 4 7 2 2 9
 1 4 6 4 1 9 4 3 7 1 1 5 2 9 1 5 9 4 5]","[9 4 8 2 1 1 5 4 6 1 5 2 7 4 6 8 2 9 2 2 8 8 2 7 3 7 4 8 3 5 8 1 5 7 3 3 3
 3 6 8 3 6 2 5 2 1 1 1 8 3 6 8 4 5 8 2 5 2 9 1 3 5 4 6 2 9 9 1 9 2 2 9 4 9
 2 4 5 4 2 5 3 2 9 1 1 2 9 5 1 5 9 4 5]"
0.46322412155745485,"[4 8 1 5 1 5 1 7 2 4 7 2 7 4 8 5 2 9 3 6 4 8 2 7 3 6 4 8 3 8 8 1 7 4 6 3 7
 3 6 8 3 6 6 2 7 1 7 1 8 3 6 6 4 9 8 1 9 1 9 1 3 5 4 6 2 9 8 1 5 4 7 2 2 9
 1 4 6 4 1 9 4 3 7 1 1 5 2 9 1 5 9 4 5]","[9 1 1 5 1 1 5 6 6 4 5 1 6 4 6 6 2 9 2 8 1 8 2 5 3 5 4 8 3 6 8 4 5 7 3 6 7
 3 6 8 3 6 4 5 1 1 1 1 8 3 6 8 2 8 8 2 5 2 9 1 3 5 4 2 2 9 9 1 5 4 7 2 4 8
 2 4 7 3 2 5 3 2 9 1 1 1 9 5 1 9 9 4 8]"
0.3754748338081672,"[4 8 1 5 1 5 1 7 2 4 7 2 7 4 8 5 2 9 3 6 4 8 2 7 3 6 4 8 3 8 8 1 7 4 6 3 7
 3 6 8 3 6 6 2 7 1 7 1 8 3 6 6 4 9 8 1 9 1 9 1 3 5 4 6 2 9 8 1 5 4 7 2 2 9
 1 4 6 4 1 9 4 3 7 1 1 5 2 9 1 5 9 4 5]","[2 1 8 2 5 1 5 5 5 4 5 1 5 4 6 8 2 9 3 7 7 8 2 5 3 5 4 8 3 5 8 1 5 7 3 8 7
 7 7 7 3 6 2 5 3 1 5 1 7 8 8 8 4 8 8 2 5 3 7 1 3 7 4 7 2 9 2 1 5 7 7 9 4 8
 2 4 4 4 2 5 3 9 2 8 1 5 3 5 1 5 9 4 9]"
0.41958689458689463,"[4 8 1 5 1 5 1 7 2 4 7 2 7 4 8 5 2 9 3 6 4 8 2 7 3 6 4 8 3 8 8 1 7 4 6 3 7
 3 6 8 3 6 6 2 7 1 7 1 8 3 6 6 4 9 8 1 9 1 9 1 3 5 4 6 2 9 8 1 5 4 7 2 2 9
 1 4 6 4 1 9 4 3 7 1 1 5 2 9 1 5 9 4 5]","[9 1 1 5 1 9 5 5 3 1 5 3 7 4 9 6 2 9 9 7 7 8 2 7 3 9 4 8 3 5 8 4 5 7 3 6 3
 3 6 7 3 6 2 5 2 1 1 1 7 3 6 8 3 8 8 2 5 2 9 1 3 5 4 7 2 8 9 1 5 2 2 9 7 2
 8 4 5 4 2 5 3 9 2 7 1 1 9 5 1 5 9 1 5]"
0.3390550807217474,"[4 8 1 5 1 5 1 7 2 4 7 2 7 4 8 5 2 9 3 6 4 8 2 7 3 6 4 8 3 8 8 1 7 4 6 3 7
 3 6 8 3 6 6 2 7 1 7 1 8 3 6 6 4 9 8 1 9 1 9 1 3 5 4 6 2 9 8 1 5 4 7 2 2 9
 1 4 6 4 1 9 4 3 7 1 1 5 2 9 1 5 9 4 5]","[4 1 8 2 5 1 5 5 3 4 5 3 7 4 9 8 2 9 2 7 4 8 3 5 3 5 4 8 3 7 8 1 5 7 9 8 9
 2 8 7 3 6 4 9 3 1 5 1 8 3 6 8 4 8 8 2 5 2 7 1 3 6 4 7 2 9 9 1 9 2 2 9 4 9
 2 1 5 3 4 5 3 9 9 2 5 5 3 5 1 9 6 4 4]"
0.35705128205128206,"[4 8 1 5 1 5 1 7 2 4 7 2 7 4 8 5 2 9 3 6 4 8 2 7 3 6 4 8 3 8 8 1 7 4 6 3 7
 3 6 8 3 6 6 2 7 1 7 1 8 3 6 6 4 9 8 1 9 1 9 1 3 5 4 6 2 9 8 1 5 4 7 2 2 9
 1 4 6 4 1 9 4 3 7 1 1 5 2 9 1 5 9 4 5]","[1 7 2 5 1 5 5 5 6 4 5 3 7 4 9 8 2 9 4 7 1 8 2 5 3 9 4 8 2 7 7 4 9 3 8 2 8
 2 7 8 3 6 4 7 2 1 5 1 6 2 6 9 4 8 8 2 5 2 7 1 3 6 4 7 2 9 8 1 9 2 2 2 4 8
 3 4 4 4 4 7 3 9 7 7 5 1 9 5 1 9 8 2 5]"
0.39985754985754984,"[4 8 1 5 1 5 1 7 2 4 7 2 7 4 8 5 2 9 3 6 4 8 2 7 3 6 4 8 3 8 8 1 7 4 6 3 7
 3 6 8 3 6 6 2 7 1 7 1 8 3 6 6 4 9 8 1 9 1 9 1 3 5 4 6 2 9 8 1 5 4 7 2 2 9
 1 4 6 4 1 9 4 3 7 1 1 5 2 9 1 5 9 4 5]","[9 1 8 5 1 1 5 5 3 4 5 3 7 4 9 8 2 9 7 2 7 8 2 5 3 5 4 8 3 6 8 4 5 7 3 8 6
 3 6 7 3 6 2 5 3 2 5 1 8 3 6 8 4 8 8 2 5 2 9 1 3 7 4 2 2 6 8 1 9 2 2 1 4 8
 2 4 5 4 2 5 3 2 9 1 5 2 9 5 1 5 9 4 8]"
0.35788224121557455,"[4 8 1 5 1 5 1 7 2 4 7 2 7 4 8 5 2 9 3 6 4 8 2 7 3 6 4 8 3 8 8 1 7 4 6 3 7
 3 6 8 3 6 6 2 7 1 7 1 8 3 6 6 4 9 8 1 9 1 9 1 3 5 4 6 2 9 8 1 5 4 7 2 2 9
 1 4 6 4 1 9 4 3 7 1 1 5 2 9 1 5 9 4 5]","[9 1 8 5 5 1 5 5 3 4 7 3 7 4 9 6 2 9 2 7 1 8 2 5 3 5 4 8 3 5 9 4 5 7 3 6 8
 2 6 7 3 6 2 5 3 1 5 1 7 3 6 8 4 8 8 2 7 2 7 1 3 7 4 2 2 6 9 1 9 2 6 2 4 8
 3 4 5 4 2 5 3 9 9 9 5 2 3 5 1 5 9 4 4]"
0.4364909781576448,"[4 8 1 5 1 5 1 7 2 4 7 2 7 4 8 5 2 9 3 6 4 8 2 7 3 6 4 8 3 8 8 1 7 4 6 3 7
 3 6 8 3 6 6 2 7 1 7 1 8 3 6 6 4 9 8 1 9 1 9 1 3 5 4 6 2 9 8 1 5 4 7 2 2 9
 1 4 6 4 1 9 4 3 7 1 1 5 2 9 1 5 9 4 5]","[1 5 1 5 1 5 5 1 5 4 5 3 7 4 9 8 2 9 2 7 1 8 3 7 3 5 4 8 2 5 8 1 5 4 9 2 9
 2 8 8 3 6 4 5 3 1 1 1 6 3 6 8 4 8 8 2 7 2 7 1 3 5 4 7 2 9 9 1 9 2 2 1 4 8
 2 4 5 4 2 5 3 3 9 1 5 1 9 5 1 5 9 4 5]"
0.45982905982905986,"[4 8 1 5 1 5 1 7 2 4 7 2 7 4 8 5 2 9 3 6 4 8 2 7 3 6 4 8 3 8 8 1 7 4 6 3 7
 3 6 8 3 6 6 2 7 1 7 1 8 3 6 6 4 9 8 1 9 1 9 1 3 5 4 6 2 9 8 1 5 4 7 2 2 9
 1 4 6 4 1 9 4 3 7 1 1 5 2 9 1 5 9 4 5]","[2 8 1 5 1 1 5 4 9 1 7 1 6 4 9 8 2 8 4 7 2 8 2 7 3 5 4 8 3 5 8 4 8 3 7 6 3
 3 6 8 3 6 2 5 2 1 1 1 8 3 5 8 4 5 8 2 8 2 7 1 3 5 4 7 2 9 8 1 9 7 2 2 4 8
 2 4 7 4 2 6 3 2 7 2 5 1 5 5 1 5 9 4 5]"
0.5547958214624882,"[4 8 1 5 1 5 1 7 2 4 7 2 7 4 8 5 2 9 3 6 4 8 2 7 3 6 4 8 3 8 8 1 7 4 6 3 7
 3 6 8 3 6 6 2 7 1 7 1 8 3 6 6 4 9 8 1 9 1 9 1 3 5 4 6 2 9 8 1 5 4 7 2 2 9
 1 4 6 4 1 9 4 3 7 1 1 5 2 9 1 5 9 4 5]","[2 8 1 5 1 9 5 5 5 2 5 2 7 4 6 6 2 9 2 9 1 8 2 7 3 5 4 8 3 5 8 4 5 3 3 3 7
 3 6 8 3 6 2 5 1 1 5 1 8 3 6 8 2 8 9 2 5 2 9 1 3 7 4 6 2 9 8 1 5 4 7 2 4 8
 2 4 5 4 4 5 4 2 9 1 1 5 3 5 1 5 9 4 9]"
0.39976258309591645,"[4 8 1 5 1 5 1 7 2 4 7 2 7 4 8 5 2 9 3 6 4 8 2 7 3 6 4 8 3 8 8 1 7 4 6 3 7
 3 6 8 3 6 6 2 7 1 7 1 8 3 6 6 4 9 8 1 9 1 9 1 3 5 4 6 2 9 8 1 5 4 7 2 2 9
 1 4 6 4 1 9 4 3 7 1 1 5 2 9 1 5 9 4 5]","[1 1 8 2 5 1 5 5 5 1 7 3 7 4 9 8 2 6 2 7 4 8 3 5 3 4 4 8 3 7 8 4 5 7 3 6 7
 2 6 7 3 6 2 5 3 1 5 1 8 3 6 8 4 5 8 2 8 3 7 1 3 7 4 2 2 6 9 1 5 2 2 2 2 5
 3 4 5 4 2 6 4 2 2 2 5 5 2 5 1 8 9 4 8]"
0.31816239316239314,"[4 8 1 5 1 5 1 7 2 4 7 2 7 4 8 5 2 9 3 6 4 8 2 7 3 6 4 8 3 8 8 1 7 4 6 3 7
 3 6 8 3 6 6 2 7 1 7 1 8 3 6 6 4 9 8 1 9 1 9 1 3 5 4 6 2 9 8 1 5 4 7 2 2 9
 1 4 6 4 1 9 4 3 7 1 1 5 2 9 1 5 9 4 5]","[9 1 8 2 1 1 5 5 5 1 5 1 7 4 9 8 2 9 2 7 1 8 2 8 3 5 4 8 2 5 8 4 5 7 3 6 9
 2 7 7 3 6 2 5 3 1 1 1 7 2 6 8 4 5 8 2 7 3 7 1 3 6 4 7 2 6 8 1 9 2 2 2 4 8
 2 4 4 4 2 5 3 9 2 2 5 1 9 5 1 9 9 4 5]"
0.4399810066476733,"[4 8 1 5 1 5 1 7 2 4 7 2 7 4 8 5 2 9 3 6 4 8 2 7 3 6 4 8 3 8 8 1 7 4 6 3 7
 3 6 8 3 6 6 2 7 1 7 1 8 3 6 6 4 9 8 1 9 1 9 1 3 5 4 6 2 9 8 1 5 4 7 2 2 9
 1 4 6 4 1 9 4 3 7 1 1 5 2 9 1 5 9 4 5]","[4 5 4 2 5 1 7 4 5 4 7 3 7 4 9 8 2 9 2 5 2 8 3 8 3 5 4 8 2 5 8 1 5 7 7 3 3
 3 6 8 3 6 1 5 4 1 1 1 5 3 6 8 2 5 8 2 5 2 9 1 3 5 4 2 2 9 9 1 5 2 2 1 4 9
 3 4 5 4 2 5 3 9 9 2 5 2 9 5 1 5 9 4 5]"
0.4042497625830959,"[4 8 1 5 1 5 1 7 2 4 7 2 7 4 8 5 2 9 3 6 4 8 2 7 3 6 4 8 3 8 8 1 7 4 6 3 7
 3 6 8 3 6 6 2 7 1 7 1 8 3 6 6 4 9 8 1 9 1 9 1 3 5 4 6 2 9 8 1 5 4 7 2 2 9
 1 4 6 4 1 9 4 3 7 1 1 5 2 9 1 5 9 4 5]","[2 8 1 5 5 1 5 5 3 1 5 3 7 4 7 8 2 6 2 7 1 8 2 5 3 5 1 8 3 8 8 1 7 7 3 8 7
 3 6 7 3 6 2 5 3 1 5 1 8 3 6 8 2 5 9 2 5 2 8 1 3 7 4 2 2 9 9 1 5 4 8 2 4 8
 2 4 5 3 2 5 3 2 2 1 5 5 9 5 1 9 8 2 7]"
0.43772554605887937,"[4 8 1 5 1 5 1 7 2 4 7 2 7 4 8 5 2 9 3 6 4 8 2 7 3 6 4 8 3 8 8 1 7 4 6 3 7
 3 6 8 3 6 6 2 7 1 7 1 8 3 6 6 4 9 8 1 9 1 9 1 3 5 4 6 2 9 8 1 5 4 7 2 2 9
 1 4 6 4 1 9 4 3 7 1 1 5 2 9 1 5 9 4 5]","[1 1 8 5 1 1 5 4 5 4 5 3 7 4 9 8 2 9 3 7 1 8 2 6 3 9 4 8 3 8 8 4 5 7 7 8 7
 6 6 6 3 6 2 5 3 1 7 1 8 2 6 8 4 8 9 2 9 2 9 1 3 7 4 2 2 9 9 1 9 4 8 2 4 8
 3 4 7 4 2 6 3 2 9 1 5 1 9 5 1 9 9 4 8]"
0.38471035137701803,"[4 8 1 5 1 5 1 7 2 4 7 2 7 4 8 5 2 9 3 6 4 8 2 7 3 6 4 8 3 8 8 1 7 4 6 3 7
 3 6 8 3 6 6 2 7 1 7 1 8 3 6 6 4 9 8 1 9 1 9 1 3 5 4 6 2 9 8 1 5 4 7 2 2 9
 1 4 6 4 1 9 4 3 7 1 1 5 2 9 1 5 9 4 5]","[9 9 1 5 5 1 5 5 3 4 5 3 7 4 6 8 2 9 2 7 2 8 3 5 3 5 1 8 2 5 8 1 9 7 2 8 7
 3 6 7 3 6 4 5 4 1 5 1 7 4 6 9 4 8 8 2 5 2 9 1 3 5 4 7 2 9 9 1 5 7 2 9 4 8
 2 1 5 4 4 7 3 3 7 2 5 2 9 5 1 5 6 2 8]"
0.4123931623931624,"[4 8 1 5 1 5 1 7 2 4 7 2 7 4 8 5 2 9 3 6 4 8 2 7 3 6 4 8 3 8 8 1 7 4 6 3 7
 3 6 8 3 6 6 2 7 1 7 1 8 3 6 6 4 9 8 1 9 1 9 1 3 5 4 6 2 9 8 1 5 4 7 2 2 9
 1 4 6 4 1 9 4 3 7 1 1 5 2 9 1 5 9 4 5]","[1 1 1 5 1 1 5 5 9 2 5 3 7 4 6 8 2 9 2 7 1 8 2 7 3 5 4 8 2 5 8 4 5 7 6 6 7
 3 6 7 3 6 2 5 2 2 1 1 8 3 6 8 2 8 8 2 5 2 9 1 3 7 4 2 2 9 9 1 9 2 2 2 4 8
 2 4 5 4 2 5 3 2 9 1 5 5 9 5 1 8 6 4 8]"
0.4496438746438747,"[4 8 1 5 1 5 1 7 2 4 7 2 7 4 8 5 2 9 3 6 4 8 2 7 3 6 4 8 3 8 8 1 7 4 6 3 7
 3 6 8 3 6 6 2 7 1 7 1 8 3 6 6 4 9 8 1 9 1 9 1 3 5 4 6 2 9 8 1 5 4 7 2 2 9
 1 4 6 4 1 9 4 3 7 1 1 5 2 9 1 5 9 4 5]","[1 9 1 5 1 5 5 5 9 1 5 3 7 4 9 6 4 9 4 6 4 8 3 7 3 5 4 8 3 5 8 4 9 7 2 8 7
 3 7 7 3 6 2 5 4 1 1 1 8 3 6 8 4 8 8 2 5 2 9 1 3 7 4 7 2 9 8 1 5 2 2 1 2 5
 4 4 7 3 2 5 3 2 9 1 1 1 9 5 1 9 9 4 8]"
0.4724833808167141,"[4 8 1 5 1 5 1 7 2 4 7 2 7 4 8 5 2 9 3 6 4 8 2 7 3 6 4 8 3 8 8 1 7 4 6 3 7
 3 6 8 3 6 6 2 7 1 7 1 8 3 6 6 4 9 8 1 9 1 9 1 3 5 4 6 2 9 8 1 5 4 7 2 2 9
 1 4 6 4 1 9 4 3 7 1 1 5 2 9 1 5 9 4 5]","[1 9 1 5 5 5 7 4 9 4 7 3 7 4 9 8 2 9 2 7 1 8 1 7 3 5 4 8 3 5 8 1 9 7 3 8 3
 3 6 8 3 6 2 5 3 1 1 1 8 3 6 8 4 5 8 2 7 2 9 1 3 5 4 6 2 9 8 1 9 2 2 9 4 8
 2 4 5 3 4 6 3 9 9 2 5 5 9 5 1 9 6 4 5]"
0.41899335232668566,"[4 8 1 5 1 5 1 7 2 4 7 2 7 4 8 5 2 9 3 6 4 8 2 7 3 6 4 8 3 8 8 1 7 4 6 3 7
 3 6 8 3 6 6 2 7 1 7 1 8 3 6 6 4 9 8 1 9 1 9 1 3 5 4 6 2 9 8 1 5 4 7 2 2 9
 1 4 6 4 1 9 4 3 7 1 1 5 2 9 1 5 9 4 5]","[9 9 8 5 5 1 5 5 3 4 5 3 7 4 9 8 2 9 2 7 4 8 3 7 3 5 4 8 3 6 8 4 5 6 2 6 9
 2 8 8 3 6 4 5 3 5 5 1 8 3 6 9 3 8 8 1 5 3 9 1 3 5 4 7 2 9 9 1 5 2 5 4 4 5
 3 4 7 4 2 5 3 3 7 1 5 1 9 5 4 9 6 4 5]"
0.43103038936372273,"[4 8 1 5 1 5 1 7 2 4 7 2 7 4 8 5 2 9 3 6 4 8 2 7 3 6 4 8 3 8 8 1 7 4 6 3 7
 3 6 8 3 6 6 2 7 1 7 1 8 3 6 6 4 9 8 1 9 1 9 1 3 5 4 6 2 9 8 1 5 4 7 2 2 9
 1 4 6 4 1 9 4 3 7 1 1 5 2 9 1 5 9 4 5]","[4 8 8 5 5 1 5 4 6 4 5 2 7 4 3 8 2 9 2 7 7 8 2 8 3 9 4 8 2 5 8 1 5 7 6 6 3
 2 6 7 3 6 2 5 1 1 1 1 6 3 6 9 2 8 8 1 5 2 9 1 3 7 4 6 2 8 8 1 5 4 2 9 4 8
 2 4 5 3 4 5 3 9 2 7 5 1 9 5 1 9 9 4 5]"
0.4698955365622031,"[4 8 1 5 1 5 1 7 2 4 7 2 7 4 8 5 2 9 3 6 4 8 2 7 3 6 4 8 3 8 8 1 7 4 6 3 7
 3 6 8 3 6 6 2 7 1 7 1 8 3 6 6 4 9 8 1 9 1 9 1 3 5 4 6 2 9 8 1 5 4 7 2 2 9
 1 4 6 4 1 9 4 3 7 1 1 5 2 9 1 5 9 4 5]","[9 1 1 5 1 5 8 1 7 1 5 2 7 4 6 8 2 9 2 2 1 8 2 7 3 5 4 8 3 5 8 1 5 7 3 6 7
 3 6 8 3 6 6 2 5 1 1 1 8 2 6 8 3 8 8 2 7 4 9 1 3 7 4 7 2 9 9 1 9 2 2 7 4 8
 2 4 5 1 2 5 3 9 2 7 1 5 3 6 1 5 3 4 4]"
0.4894586894586894,"[4 8 1 5 1 5 1 7 2 4 7 2 7 4 8 5 2 9 3 6 4 8 2 7 3 6 4 8 3 8 8 1 7 4 6 3 7
 3 6 8 3 6 6 2 7 1 7 1 8 3 6 6 4 9 8 1 9 1 9 1 3 5 4 6 2 9 8 1 5 4 7 2 2 9
 1 4 6 4 1 9 4 3 7 1 1 5 2 9 1 5 9 4 5]","[8 1 5 5 1 9 5 5 2 2 5 3 7 4 8 7 2 9 8 2 7 3 7 1 3 4 4 8 3 8 7 4 9 7 3 6 3
 3 6 8 3 6 1 1 1 1 5 1 8 3 6 8 4 8 8 2 7 2 9 1 3 5 4 7 2 8 8 1 5 7 2 9 4 9
 2 4 7 4 1 7 1 3 9 1 1 1 2 5 1 5 9 4 4]"
0.4849240265906933,"[4 8 1 5 1 5 1 7 2 4 7 2 7 4 8 5 2 9 3 6 4 8 2 7 3 6 4 8 3 8 8 1 7 4 6 3 7
 3 6 8 3 6 6 2 7 1 7 1 8 3 6 6 4 9 8 1 9 1 9 1 3 5 4 6 2 9 8 1 5 4 7 2 2 9
 1 4 6 4 1 9 4 3 7 1 1 5 2 9 1 5 9 4 5]","[9 8 1 5 1 9 5 5 5 2 7 2 7 4 8 7 2 9 2 6 4 3 7 7 3 4 4 8 3 8 8 4 5 7 3 6 7
 3 6 8 3 6 5 5 3 1 5 1 8 2 6 7 3 6 8 2 5 2 9 1 3 7 4 6 2 9 8 1 9 2 2 1 4 8
 1 3 5 4 2 5 3 3 9 1 5 1 9 6 4 9 9 4 9]"
0.46664292497625837,"[4 8 1 5 1 5 1 7 2 4 7 2 7 4 8 5 2 9 3 6 4 8 2 7 3 6 4 8 3 8 8 1 7 4 6 3 7
 3 6 8 3 6 6 2 7 1 7 1 8 3 6 6 4 9 8 1 9 1 9 1 3 5 4 6 2 9 8 1 5 4 7 2 2 9
 1 4 6 4 1 9 4 3 7 1 1 5 2 9 1 5 9 4 5]","[4 1 1 8 1 5 5 5 5 4 5 3 7 4 8 8 2 9 2 7 4 8 2 7 3 7 4 8 2 5 8 1 7 3 7 3 7
 2 6 7 3 6 2 5 1 1 5 1 7 2 6 8 4 5 8 2 5 2 9 1 3 7 4 7 2 9 9 1 5 2 2 9 4 8
 2 4 6 4 2 5 3 9 2 8 5 2 9 5 1 9 9 4 5]"
0.43069800569800576,"[4 8 1 5 1 5 1 7 2 4 7 2 7 4 8 5 2 9 3 6 4 8 2 7 3 6 4 8 3 8 8 1 7 4 6 3 7
 3 6 8 3 6 6 2 7 1 7 1 8 3 6 6 4 9 8 1 9 1 9 1 3 5 4 6 2 9 8 1 5 4 7 2 2 9
 1 4 6 4 1 9 4 3 7 1 1 5 2 9 1 5 9 4 5]","[2 1 5 5 1 5 5 4 6 1 5 1 7 4 6 8 2 9 8 2 7 8 2 7 3 7 4 8 3 5 8 1 5 7 3 3 3
 3 6 6 3 6 2 5 1 1 5 1 6 2 6 8 2 8 8 2 5 2 9 1 3 7 4 7 2 9 8 1 5 7 2 9 4 8
 2 4 5 2 2 5 3 9 2 7 1 1 9 5 1 5 8 4 5]"
0.3517094017094017,"[4 8 1 5 1 5 1 7 2 4 7 2 7 4 8 5 2 9 3 6 4 8 2 7 3 6 4 8 3 8 8 1 7 4 6 3 7
 3 6 8 3 6 6 2 7 1 7 1 8 3 6 6 4 9 8 1 9 1 9 1 3 5 4 6 2 9 8 1 5 4 7 2 2 9
 1 4 6 4 1 9 4 3 7 1 1 5 2 9 1 5 9 4 5]","[1 1 1 5 1 1 5 4 9 4 5 1 7 4 9 8 2 8 3 7 4 8 2 5 3 7 4 8 2 5 8 1 5 7 3 6 7
 3 6 7 3 6 2 5 3 5 1 9 7 2 8 8 3 5 8 2 5 2 9 1 3 7 4 2 2 3 8 1 9 7 2 9 4 6
 3 4 5 4 2 5 3 9 2 7 5 2 9 5 1 5 6 4 6]"
0.5032526115859449,"[4 8 1 5 1 5 1 7 2 4 7 2 7 4 8 5 2 9 3 6 4 8 2 7 3 6 4 8 3 8 8 1 7 4 6 3 7
 3 6 8 3 6 6 2 7 1 7 1 8 3 6 6 4 9 8 1 9 1 9 1 3 5 4 6 2 9 8 1 5 4 7 2 2 9
 1 4 6 4 1 9 4 3 7 1 1 5 2 9 1 5 9 4 5]","[9 1 1 5 1 9 5 5 3 4 5 2 7 4 7 8 2 9 9 2 2 8 2 7 3 5 4 8 3 8 8 4 8 7 3 6 3
 6 6 8 3 6 2 2 2 1 5 1 8 3 6 8 4 5 8 2 5 2 9 1 3 5 4 2 2 9 9 1 5 7 2 9 7 4
 8 4 5 4 2 5 3 2 2 7 1 5 3 5 1 9 9 4 5]"
0.4659069325735993,"[4 8 1 5 1 5 1 7 2 4 7 2 7 4 8 5 2 9 3 6 4 8 2 7 3 6 4 8 3 8 8 1 7 4 6 3 7
 3 6 8 3 6 6 2 7 1 7 1 8 3 6 6 4 9 8 1 9 1 9 1 3 5 4 6 2 9 8 1 5 4 7 2 2 9
 1 4 6 4 1 9 4 3 7 1 1 5 2 9 1 5 9 4 5]","[4 8 1 5 5 5 5 5 3 4 5 3 6 4 9 8 2 9 2 9 4 8 2 8 3 9 4 8 3 5 8 4 5 7 3 6 7
 3 6 7 3 6 2 5 3 1 5 1 8 3 6 8 2 8 8 2 5 2 9 1 3 7 4 7 2 9 9 1 5 4 7 2 4 8
 2 4 5 3 2 5 3 2 9 1 1 1 9 5 1 9 6 2 5]"
0.38587369420702755,"[4 8 1 5 1 5 1 7 2 4 7 2 7 4 8 5 2 9 3 6 4 8 2 7 3 6 4 8 3 8 8 1 7 4 6 3 7
 3 6 8 3 6 6 2 7 1 7 1 8 3 6 6 4 9 8 1 9 1 9 1 3 5 4 6 2 9 8 1 5 4 7 2 2 9
 1 4 6 4 1 9 4 3 7 1 1 5 2 9 1 5 9 4 5]","[9 1 5 2 1 1 5 4 6 4 7 3 7 4 9 8 2 6 2 7 4 8 3 7 3 5 4 8 3 7 8 4 5 7 8 8 9
 3 6 7 3 6 2 5 3 1 5 1 8 3 6 9 4 5 8 2 5 3 9 1 3 7 4 7 2 9 9 1 5 2 2 1 4 8
 2 4 7 4 2 5 3 2 2 7 5 1 9 5 4 8 9 4 8]"
0.3663105413105413,"[4 8 1 5 1 5 1 7 2 4 7 2 7 4 8 5 2 9 3 6 4 8 2 7 3 6 4 8 3 8 8 1 7 4 6 3 7
 3 6 8 3 6 6 2 7 1 7 1 8 3 6 6 4 9 8 1 9 1 9 1 3 5 4 6 2 9 8 1 5 4 7 2 2 9
 1 4 6 4 1 9 4 3 7 1 1 5 2 9 1 5 9 4 5]","[9 9 2 2 5 1 5 4 6 4 7 3 7 4 8 8 2 9 4 9 1 8 3 7 3 9 4 8 2 5 8 4 5 7 4 2 8
 3 6 7 3 6 2 5 3 1 1 1 8 2 6 8 2 8 8 2 5 3 7 1 3 6 4 7 2 9 8 1 9 2 2 9 4 8
 2 1 7 4 4 7 4 9 9 2 5 5 3 7 1 9 9 4 8]"
0.412298195631529,"[4 8 1 5 1 5 1 7 2 4 7 2 7 4 8 5 2 9 3 6 4 8 2 7 3 6 4 8 3 8 8 1 7 4 6 3 7
 3 6 8 3 6 6 2 7 1 7 1 8 3 6 6 4 9 8 1 9 1 9 1 3 5 4 6 2 9 8 1 5 4 7 2 2 9
 1 4 6 4 1 9 4 3 7 1 1 5 2 9 1 5 9 4 5]","[2 5 1 5 5 1 5 4 9 1 5 3 7 4 6 8 2 9 2 7 1 8 2 7 3 5 4 8 3 5 8 1 5 7 3 6 3
 3 6 7 3 6 2 5 4 1 1 1 7 3 8 8 2 8 8 2 5 4 9 1 3 6 4 2 2 9 8 1 9 4 8 2 4 8
 3 4 4 4 2 5 3 2 9 2 5 1 9 5 1 9 9 4 5]"
0.39275878442545115,"[4 8 1 5 1 5 1 7 2 4 7 2 7 4 8 5 2 9 3 6 4 8 2 7 3 6 4 8 3 8 8 1 7 4 6 3 7
 3 6 8 3 6 6 2 7 1 7 1 8 3 6 6 4 9 8 1 9 1 9 1 3 5 4 6 2 9 8 1 5 4 7 2 2 9
 1 4 6 4 1 9 4 3 7 1 1 5 2 9 1 5 9 4 5]","[9 1 8 5 5 1 5 4 9 4 5 3 7 4 9 7 2 9 4 9 2 8 3 7 3 5 4 8 3 8 8 1 9 7 7 2 3
 2 6 7 3 6 2 5 3 1 1 1 7 3 6 9 4 8 8 2 5 2 8 1 3 7 4 6 2 9 9 1 5 7 2 9 4 8
 3 4 7 4 2 5 3 9 9 2 5 5 5 5 4 8 9 4 8]"
0.4223884140550807,"[4 8 1 5 1 5 1 7 2 4 7 2 7 4 8 5 2 9 3 6 4 8 2 7 3 6 4 8 3 8 8 1 7 4 6 3 7
 3 6 8 3 6 6 2 7 1 7 1 8 3 6 6 4 9 8 1 9 1 9 1 3 5 4 6 2 9 8 1 5 4 7 2 2 9
 1 4 6 4 1 9 4 3 7 1 1 5 2 9 1 5 9 4 5]","[1 5 2 5 1 5 5 4 9 4 7 3 7 4 9 8 2 9 2 7 4 8 3 8 3 5 4 8 2 7 8 4 5 3 3 6 7
 3 6 7 3 6 2 5 3 1 1 1 8 3 6 8 3 8 8 2 5 2 9 1 3 7 4 6 2 9 8 1 5 2 5 1 4 8
 3 4 5 4 2 5 3 2 9 1 5 1 9 6 4 9 6 4 4]"
0.4578822412155745,"[4 8 1 5 1 5 1 7 2 4 7 2 7 4 8 5 2 9 3 6 4 8 2 7 3 6 4 8 3 8 8 1 7 4 6 3 7
 3 6 8 3 6 6 2 7 1 7 1 8 3 6 6 4 9 8 1 9 1 9 1 3 5 4 6 2 9 8 1 5 4 7 2 2 9
 1 4 6 4 1 9 4 3 7 1 1 5 2 9 1 5 9 4 5]","[1 1 1 5 1 1 5 4 3 4 7 2 7 4 8 8 2 9 3 7 2 8 2 7 3 5 4 8 3 5 8 1 5 7 3 6 8
 2 8 7 3 6 2 5 3 1 1 1 7 3 6 8 2 8 8 1 5 2 9 1 3 7 4 6 2 9 9 1 9 4 2 9 4 8
 2 4 7 4 2 5 3 2 2 2 5 1 9 5 1 9 9 4 5]"
0.4743352326685659,"[4 8 1 5 1 5 1 7 2 4 7 2 7 4 8 5 2 9 3 6 4 8 2 7 3 6 4 8 3 8 8 1 7 4 6 3 7
 3 6 8 3 6 6 2 7 1 7 1 8 3 6 6 4 9 8 1 9 1 9 1 3 5 4 6 2 9 8 1 5 4 7 2 2 9
 1 4 6 4 1 9 4 3 7 1 1 5 2 9 1 5 9 4 5]","[4 8 1 5 1 5 5 5 3 2 5 3 7 4 9 6 2 9 2 2 7 8 2 7 3 9 1 8 3 8 7 4 8 7 3 6 7
 3 8 7 3 6 2 5 3 1 5 1 8 3 6 9 4 8 8 2 9 2 9 1 3 7 4 7 2 9 8 1 9 2 2 9 4 8
 2 4 5 4 2 5 3 2 9 1 1 5 3 8 1 7 9 4 8]"
0.39881291547958214,"[4 8 1 5 1 5 1 7 2 4 7 2 7 4 8 5 2 9 3 6 4 8 2 7 3 6 4 8 3 8 8 1 7 4 6 3 7
 3 6 8 3 6 6 2 7 1 7 1 8 3 6 6 4 9 8 1 9 1 9 1 3 5 4 6 2 9 8 1 5 4 7 2 2 9
 1 4 6 4 1 9 4 3 7 1 1 5 2 9 1 5 9 4 5]","[2 5 1 5 5 5 5 2 6 1 5 2 5 4 6 6 2 8 2 7 1 8 2 7 3 7 4 8 2 5 7 4 9 7 3 6 7
 3 6 7 3 6 6 4 9 1 5 1 7 2 7 8 2 8 9 2 5 3 9 1 3 6 4 7 2 9 9 1 5 7 2 9 7 4
 9 4 5 4 2 5 3 2 7 7 1 5 3 5 1 5 8 4 5]"
0.4076685660018994,"[4 8 1 5 1 5 1 7 2 4 7 2 7 4 8 5 2 9 3 6 4 8 2 7 3 6 4 8 3 8 8 1 7 4 6 3 7
 3 6 8 3 6 6 2 7 1 7 1 8 3 6 6 4 9 8 1 9 1 9 1 3 5 4 6 2 9 8 1 5 4 7 2 2 9
 1 4 6 4 1 9 4 3 7 1 1 5 2 9 1 5 9 4 5]","[1 1 1 5 5 1 5 4 5 4 7 3 7 4 8 8 2 9 3 7 1 8 3 6 3 9 4 8 3 5 8 1 5 7 3 6 6
 2 6 7 3 6 4 5 1 1 5 1 7 3 6 8 2 5 8 1 9 2 7 1 3 7 4 2 2 9 9 1 5 2 2 1 4 8
 2 4 9 4 2 5 3 9 9 2 5 1 9 5 1 9 6 4 5]"
0.4160968660968661,"[4 8 1 5 1 5 1 7 2 4 7 2 7 4 8 5 2 9 3 6 4 8 2 7 3 6 4 8 3 8 8 1 7 4 6 3 7
 3 6 8 3 6 6 2 7 1 7 1 8 3 6 6 4 9 8 1 9 1 9 1 3 5 4 6 2 9 8 1 5 4 7 2 2 9
 1 4 6 4 1 9 4 3 7 1 1 5 2 9 1 5 9 4 5]","[9 1 8 5 1 5 5 5 9 1 5 2 7 4 9 8 2 9 2 2 7 8 3 7 3 5 4 8 3 5 8 1 5 7 3 6 8
 2 7 7 3 6 2 5 1 5 1 9 7 3 6 8 2 5 8 1 5 3 9 1 3 6 4 7 2 9 9 2 5 7 2 9 4 8
 2 4 4 4 2 6 3 2 9 1 5 5 9 5 1 5 9 4 5]"
0.5119895536562202,"[4 8 1 5 1 5 1 7 2 4 7 2 7 4 8 5 2 9 3 6 4 8 2 7 3 6 4 8 3 8 8 1 7 4 6 3 7
 3 6 8 3 6 6 2 7 1 7 1 8 3 6 6 4 9 8 1 9 1 9 1 3 5 4 6 2 9 8 1 5 4 7 2 2 9
 1 4 6 4 1 9 4 3 7 1 1 5 2 9 1 5 9 4 5]","[2 8 1 5 1 5 5 5 6 1 5 3 7 4 6 8 2 9 2 7 1 8 2 7 3 7 4 8 3 6 8 4 5 7 3 6 7
 3 6 8 3 6 2 5 1 1 1 1 8 3 6 8 4 5 8 2 5 2 9 1 3 6 4 6 2 9 9 1 5 2 2 1 4 8
 2 4 5 4 2 7 3 3 2 1 1 5 3 5 1 5 6 4 4]"
0.3443969610636277,"[4 8 1 5 1 5 1 7 2 4 7 2 7 4 8 5 2 9 3 6 4 8 2 7 3 6 4 8 3 8 8 1 7 4 6 3 7
 3 6 8 3 6 6 2 7 1 7 1 8 3 6 6 4 9 8 1 9 1 9 1 3 5 4 6 2 9 8 1 5 4 7 2 2 9
 1 4 6 4 1 9 4 3 7 1 1 5 2 9 1 5 9 4 5]","[9 1 9 2 5 1 5 5 5 4 5 3 7 5 3 8 2 9 3 7 4 8 3 7 3 9 4 8 2 7 8 1 5 3 7 2 8
 2 8 8 3 6 2 5 3 2 5 1 8 3 6 8 3 5 8 2 7 2 7 3 3 3 4 2 2 9 9 1 5 2 2 9 4 8
 3 4 7 4 2 5 3 9 2 9 5 2 9 5 4 5 9 4 8]"
0.37310066476733145,"[4 8 1 5 1 5 1 7 2 4 7 2 7 4 8 5 2 9 3 6 4 8 2 7 3 6 4 8 3 8 8 1 7 4 6 3 7
 3 6 8 3 6 6 2 7 1 7 1 8 3 6 6 4 9 8 1 9 1 9 1 3 5 4 6 2 9 8 1 5 4 7 2 2 9
 1 4 6 4 1 9 4 3 7 1 1 5 2 9 1 5 9 4 5]","[9 1 8 5 1 5 5 4 9 4 5 3 7 4 9 8 2 8 2 7 4 8 3 5 3 9 4 8 2 5 8 1 7 7 3 6 7
 3 6 8 3 6 4 5 3 2 1 1 7 4 6 8 2 5 8 2 7 2 7 1 3 7 4 6 2 9 9 1 5 7 2 9 4 8
 2 4 5 3 2 5 3 2 9 1 5 1 9 5 1 9 6 4 4]"
0.416951566951567,"[4 8 1 5 1 5 1 7 2 4 7 2 7 4 8 5 2 9 3 6 4 8 2 7 3 6 4 8 3 8 8 1 7 4 6 3 7
 3 6 8 3 6 6 2 7 1 7 1 8 3 6 6 4 9 8 1 9 1 9 1 3 5 4 6 2 9 8 1 5 4 7 2 2 9
 1 4 6 4 1 9 4 3 7 1 1 5 2 9 1 5 9 4 5]","[4 1 1 5 5 1 5 4 9 4 7 3 7 4 9 8 2 9 3 7 4 8 3 5 3 7 4 8 3 6 8 4 5 7 3 8 3
 7 4 8 3 6 4 5 3 1 5 1 8 2 6 8 4 8 2 2 5 2 9 1 3 7 4 7 2 9 8 1 9 4 2 2 4 2
 8 4 5 3 2 5 3 3 9 2 5 1 9 8 1 8 8 4 5]"
0.4014957264957265,"[4 8 1 5 1 5 1 7 2 4 7 2 7 4 8 5 2 9 3 6 4 8 2 7 3 6 4 8 3 8 8 1 7 4 6 3 7
 3 6 8 3 6 6 2 7 1 7 1 8 3 6 6 4 9 8 1 9 1 9 1 3 5 4 6 2 9 8 1 5 4 7 2 2 9
 1 4 6 4 1 9 4 3 7 1 1 5 2 9 1 5 9 4 5]","[9 1 8 1 5 1 5 5 5 4 5 2 5 4 3 6 4 9 3 7 1 8 3 5 3 7 4 8 3 7 8 1 7 7 3 6 7
 2 7 6 3 6 2 5 2 1 1 1 7 3 6 8 4 5 8 2 5 2 9 1 3 7 4 6 2 7 9 1 8 2 2 2 4 8
 2 4 4 9 2 5 3 9 2 8 1 5 2 5 1 5 6 4 5]"
0.4371794871794872,"[4 8 1 5 1 5 1 7 2 4 7 2 7 4 8 5 2 9 3 6 4 8 2 7 3 6 4 8 3 8 8 1 7 4 6 3 7
 3 6 8 3 6 6 2 7 1 7 1 8 3 6 6 4 9 8 1 9 1 9 1 3 5 4 6 2 9 8 1 5 4 7 2 2 9
 1 4 6 4 1 9 4 3 7 1 1 5 2 9 1 5 9 4 5]","[2 5 1 5 1 1 5 2 9 2 5 1 7 4 9 6 4 6 3 7 1 8 1 7 3 5 4 8 4 8 8 1 5 7 3 6 8
 3 8 8 3 6 2 5 1 1 5 1 7 4 6 8 3 5 8 1 7 4 9 2 3 5 4 6 2 9 8 1 5 2 5 3 2 6
 3 4 5 4 2 6 3 2 9 1 1 5 9 6 2 5 8 2 5]"
0.4745489078822412,"[4 8 1 5 1 5 1 7 2 4 7 2 7 4 8 5 2 9 3 6 4 8 2 7 3 6 4 8 3 8 8 1 7 4 6 3 7
 3 6 8 3 6 6 2 7 1 7 1 8 3 6 6 4 9 8 1 9 1 9 1 3 5 4 6 2 9 8 1 5 4 7 2 2 9
 1 4 6 4 1 9 4 3 7 1 1 5 2 9 1 5 9 4 5]","[4 1 1 5 1 5 5 1 9 2 5 3 7 4 9 8 2 6 3 9 4 8 3 7 3 7 4 8 3 6 9 1 5 7 3 3 3
 3 6 8 3 6 2 5 3 1 1 1 8 3 6 8 2 8 8 2 5 2 9 1 3 7 4 7 2 9 9 1 9 2 2 9 7 8
 8 4 8 4 2 5 3 9 9 1 1 5 2 6 2 9 9 4 5]"
