0.5321021571021571,"[6 2 6 8 1 9 3 6 4 9 2 8 5 1 9 1 9 4 7 2 8 4 6 3 1 7 2 9 4 8 2 9 1 7 2 9 2
 9 1 9 4 8 4 6 4 2 5 1 9 4 5 3 9 1 1 9 1 7 4 9 8 2 7 4 5 1 4 6 4 1 5 3 8 2
 5 5 2 9 8 4 5 4 9 2 1 7 1 7 2 9]","[6 4 9 8 1 5 3 7 4 5 2 9 5 1 9 1 8 2 5 2 9 4 7 3 1 7 3 5 4 6 2 9 1 9 7 1 2
 9 1 8 4 5 8 8 8 4 8 2 9 4 5 3 9 1 2 9 1 7 4 8 9 2 5 4 5 1 4 7 1 1 5 3 2 6
 3 5 1 9 9 4 5 2 9 2 1 5 1 4 5 1]"
0.44899776149776144,"[6 2 6 8 1 9 3 6 4 9 2 8 5 1 9 1 9 4 7 2 8 4 6 3 1 7 2 9 4 8 2 9 1 7 2 9 2
 9 1 9 4 8 4 6 4 2 5 1 9 4 5 3 9 1 1 9 1 7 4 9 8 2 7 4 5 1 4 6 4 1 5 3 8 2
 5 5 2 9 8 4 5 4 9 2 1 7 1 7 2 9]","[6 4 9 8 1 5 3 7 1 5 2 9 5 1 9 1 8 2 5 2 9 4 7 3 2 7 1 5 4 6 2 8 1 9 2 7 2
 9 1 8 4 5 4 8 8 4 7 1 8 4 5 8 3 1 2 6 1 5 1 8 9 2 8 4 5 1 4 7 1 1 5 3 2 6
 3 6 2 9 9 4 5 4 8 2 2 5 1 4 9 1]"
0.4735704110704111,"[6 2 6 8 1 9 3 6 4 9 2 8 5 1 9 1 9 4 7 2 8 4 6 3 1 7 2 9 4 8 2 9 1 7 2 9 2
 9 1 9 4 8 4 6 4 2 5 1 9 4 5 3 9 1 1 9 1 7 4 9 8 2 7 4 5 1 4 6 4 1 5 3 8 2
 5 5 2 9 8 4 5 4 9 2 1 7 1 7 2 9]","[6 4 9 8 1 5 3 5 4 6 2 9 5 1 9 1 8 2 6 2 9 4 7 3 1 7 1 5 4 6 2 9 1 9 7 7 3
 9 1 4 4 5 8 8 8 4 8 2 3 4 5 3 9 1 2 5 1 5 1 5 9 2 5 4 5 1 2 7 1 1 5 3 2 6
 3 6 2 6 9 4 5 4 9 2 1 5 1 4 1 1]"
0.42429792429792434,"[6 2 6 8 1 9 3 6 4 9 2 8 5 1 9 1 9 4 7 2 8 4 6 3 1 7 2 9 4 8 2 9 1 7 2 9 2
 9 1 9 4 8 4 6 4 2 5 1 9 4 5 3 9 1 1 9 1 7 4 9 8 2 7 4 5 1 4 6 4 1 5 3 8 2
 5 5 2 9 8 4 5 4 9 2 1 7 1 7 2 9]","[5 4 9 8 1 5 3 7 4 6 2 9 5 1 9 1 8 2 5 2 9 4 7 3 1 7 3 5 4 6 2 9 1 9 2 7 3
 9 1 8 4 5 8 8 8 4 5 3 9 4 5 8 1 7 2 8 1 5 1 5 9 2 8 4 5 1 2 7 1 1 5 3 2 6
 3 5 2 5 9 4 5 2 6 3 2 5 1 4 5 1]"
0.5317205942205941,"[6 2 6 8 1 9 3 6 4 9 2 8 5 1 9 1 9 4 7 2 8 4 6 3 1 7 2 9 4 8 2 9 1 7 2 9 2
 9 1 9 4 8 4 6 4 2 5 1 9 4 5 3 9 1 1 9 1 7 4 9 8 2 7 4 5 1 4 6 4 1 5 3 8 2
 5 5 2 9 8 4 5 4 9 2 1 7 1 7 2 9]","[6 4 9 8 1 5 3 7 4 5 2 9 5 1 9 1 8 2 6 2 9 4 7 3 1 7 4 5 4 6 2 9 4 9 2 7 3
 9 1 3 4 4 4 8 8 4 5 3 3 4 5 3 9 1 2 9 1 5 1 5 9 2 8 4 5 1 4 5 1 1 5 3 2 6
 3 5 2 9 9 4 5 4 9 2 1 5 1 4 1 1]"
0.384055759055759,"[6 2 6 8 1 9 3 6 4 9 2 8 5 1 9 1 9 4 7 2 8 4 6 3 1 7 2 9 4 8 2 9 1 7 2 9 2
 9 1 9 4 8 4 6 4 2 5 1 9 4 5 3 9 1 1 9 1 7 4 9 8 2 7 4 5 1 4 6 4 1 5 3 8 2
 5 5 2 9 8 4 5 4 9 2 1 7 1 7 2 9]","[6 4 9 8 1 5 3 7 4 5 2 9 5 1 9 2 8 2 6 2 9 4 7 3 1 7 1 5 4 6 2 9 1 9 7 7 3
 9 1 8 4 5 4 8 8 4 8 2 3 5 4 8 1 1 2 6 1 5 1 5 9 1 5 4 5 1 2 7 1 4 7 3 2 6
 3 5 1 9 9 4 5 4 8 2 2 5 1 4 5 1]"
0.4761650386650386,"[6 2 6 8 1 9 3 6 4 9 2 8 5 1 9 1 9 4 7 2 8 4 6 3 1 7 2 9 4 8 2 9 1 7 2 9 2
 9 1 9 4 8 4 6 4 2 5 1 9 4 5 3 9 1 1 9 1 7 4 9 8 2 7 4 5 1 4 6 4 1 5 3 8 2
 5 5 2 9 8 4 5 4 9 2 1 7 1 7 2 9]","[6 4 9 8 1 5 3 7 1 5 2 9 5 1 9 1 8 2 5 2 9 4 7 3 1 7 4 5 4 6 2 9 1 9 7 7 2
 9 1 8 4 5 4 8 8 4 7 1 9 4 5 3 3 1 2 1 1 7 1 5 9 2 5 4 5 1 1 7 1 4 5 2 2 6
 3 5 2 9 9 4 5 2 2 2 1 1 1 4 7 1]"
0.48982498982498984,"[6 2 6 8 1 9 3 6 4 9 2 8 5 1 9 1 9 4 7 2 8 4 6 3 1 7 2 9 4 8 2 9 1 7 2 9 2
 9 1 9 4 8 4 6 4 2 5 1 9 4 5 3 9 1 1 9 1 7 4 9 8 2 7 4 5 1 4 6 4 1 5 3 8 2
 5 5 2 9 8 4 5 4 9 2 1 7 1 7 2 9]","[6 4 9 8 1 5 3 7 4 6 2 9 5 1 9 1 8 2 5 2 9 4 5 3 1 7 4 5 4 6 2 9 1 9 7 7 3
 9 1 9 4 4 8 8 8 4 5 3 9 4 5 3 3 1 2 9 1 5 1 5 9 2 5 4 5 1 1 7 1 4 5 3 2 6
 3 5 1 9 9 4 5 2 9 2 2 5 1 4 1 1]"
0.45075295075295074,"[6 2 6 8 1 9 3 6 4 9 2 8 5 1 9 1 9 4 7 2 8 4 6 3 1 7 2 9 4 8 2 9 1 7 2 9 2
 9 1 9 4 8 4 6 4 2 5 1 9 4 5 3 9 1 1 9 1 7 4 9 8 2 7 4 5 1 4 6 4 1 5 3 8 2
 5 5 2 9 8 4 5 4 9 2 1 7 1 7 2 9]","[6 4 9 8 1 5 3 7 1 6 2 9 5 1 9 4 8 2 5 2 9 4 7 3 1 7 4 5 4 6 2 9 1 9 7 7 3
 9 1 8 4 5 4 8 8 4 8 1 8 4 5 3 9 1 2 8 1 5 1 5 9 2 5 4 5 1 2 5 1 4 5 3 2 6
 3 6 2 6 9 4 5 4 2 2 2 5 1 4 5 1]"
0.5128713878713879,"[6 2 6 8 1 9 3 6 4 9 2 8 5 1 9 1 9 4 7 2 8 4 6 3 1 7 2 9 4 8 2 9 1 7 2 9 2
 9 1 9 4 8 4 6 4 2 5 1 9 4 5 3 9 1 1 9 1 7 4 9 8 2 7 4 5 1 4 6 4 1 5 3 8 2
 5 5 2 9 8 4 5 4 9 2 1 7 1 7 2 9]","[6 4 9 8 1 5 3 7 1 5 2 9 5 1 9 1 8 2 5 2 9 4 7 3 1 7 3 5 4 6 2 9 1 4 7 7 2
 9 1 8 4 5 4 8 8 4 7 1 8 4 5 3 9 1 2 8 1 7 2 8 9 2 5 4 5 1 4 7 1 1 5 3 2 6
 3 6 2 9 9 4 5 4 9 2 2 5 1 4 1 1]"
0.4984228734228735,"[6 2 6 8 1 9 3 6 4 9 2 8 5 1 9 1 9 4 7 2 8 4 6 3 1 7 2 9 4 8 2 9 1 7 2 9 2
 9 1 9 4 8 4 6 4 2 5 1 9 4 5 3 9 1 1 9 1 7 4 9 8 2 7 4 5 1 4 6 4 1 5 3 8 2
 5 5 2 9 8 4 5 4 9 2 1 7 1 7 2 9]","[6 4 6 8 1 5 3 7 4 5 2 9 5 1 9 2 6 3 6 2 9 4 7 3 1 7 3 5 4 6 2 9 1 9 4 5 3
 9 1 9 4 5 4 8 8 4 5 2 8 4 5 8 1 1 2 9 1 5 4 6 9 1 5 4 5 1 2 5 1 4 5 3 2 6
 3 6 2 9 9 4 5 4 9 2 2 7 1 4 1 9]"
0.49081705331705333,"[6 2 6 8 1 9 3 6 4 9 2 8 5 1 9 1 9 4 7 2 8 4 6 3 1 7 2 9 4 8 2 9 1 7 2 9 2
 9 1 9 4 8 4 6 4 2 5 1 9 4 5 3 9 1 1 9 1 7 4 9 8 2 7 4 5 1 4 6 4 1 5 3 8 2
 5 5 2 9 8 4 5 4 9 2 1 7 1 7 2 9]","[6 4 9 8 1 5 3 7 1 5 2 9 5 1 9 1 8 2 5 2 9 4 7 3 1 7 1 5 4 6 2 9 1 9 7 7 2
 9 1 3 4 4 4 8 8 4 8 2 9 4 5 3 9 1 2 9 1 5 1 5 9 2 5 4 5 1 1 7 1 1 5 3 2 6
 3 5 1 9 8 4 5 2 6 3 2 5 1 4 1 1]"
0.44711538461538464,"[6 2 6 8 1 9 3 6 4 9 2 8 5 1 9 1 9 4 7 2 8 4 6 3 1 7 2 9 4 8 2 9 1 7 2 9 2
 9 1 9 4 8 4 6 4 2 5 1 9 4 5 3 9 1 1 9 1 7 4 9 8 2 7 4 5 1 4 6 4 1 5 3 8 2
 5 5 2 9 8 4 5 4 9 2 1 7 1 7 2 9]","[5 4 5 8 1 5 3 7 1 5 2 9 5 1 9 1 8 2 5 2 9 4 7 3 1 7 1 5 4 6 2 9 1 9 7 7 3
 9 1 3 4 4 8 8 8 4 8 1 8 4 5 3 9 1 2 6 1 5 1 8 9 2 5 4 5 1 4 7 1 4 5 3 2 6
 3 6 2 9 9 4 5 2 2 2 1 5 1 4 5 1]"
0.4552808302808303,"[6 2 6 8 1 9 3 6 4 9 2 8 5 1 9 1 9 4 7 2 8 4 6 3 1 7 2 9 4 8 2 9 1 7 2 9 2
 9 1 9 4 8 4 6 4 2 5 1 9 4 5 3 9 1 1 9 1 7 4 9 8 2 7 4 5 1 4 6 4 1 5 3 8 2
 5 5 2 9 8 4 5 4 9 2 1 7 1 7 2 9]","[5 4 5 8 1 5 3 7 1 6 2 9 5 1 9 4 8 2 5 2 9 4 7 3 1 7 1 5 4 6 2 8 1 9 2 7 2
 9 1 8 4 5 8 8 8 4 8 3 3 4 5 3 9 1 2 9 1 5 1 5 9 2 5 4 5 1 2 7 1 4 7 3 2 6
 3 5 2 9 9 4 5 4 9 2 1 5 1 4 1 1]"
0.47097578347578345,"[6 2 6 8 1 9 3 6 4 9 2 8 5 1 9 1 9 4 7 2 8 4 6 3 1 7 2 9 4 8 2 9 1 7 2 9 2
 9 1 9 4 8 4 6 4 2 5 1 9 4 5 3 9 1 1 9 1 7 4 9 8 2 7 4 5 1 4 6 4 1 5 3 8 2
 5 5 2 9 8 4 5 4 9 2 1 7 1 7 2 9]","[6 4 8 8 1 5 3 7 1 5 2 9 5 1 9 1 5 3 5 2 9 4 7 3 1 7 4 5 4 6 2 8 1 8 7 7 3
 9 1 8 4 5 8 8 8 4 5 3 3 4 4 3 9 1 2 8 1 5 1 8 9 1 5 4 5 1 4 7 1 1 5 3 2 6
 3 5 2 9 9 4 5 4 9 2 2 5 1 4 1 1]"
0.45505189255189255,"[6 2 6 8 1 9 3 6 4 9 2 8 5 1 9 1 9 4 7 2 8 4 6 3 1 7 2 9 4 8 2 9 1 7 2 9 2
 9 1 9 4 8 4 6 4 2 5 1 9 4 5 3 9 1 1 9 1 7 4 9 8 2 7 4 5 1 4 6 4 1 5 3 8 2
 5 5 2 9 8 4 5 4 9 2 1 7 1 7 2 9]","[5 4 5 8 1 5 3 7 4 5 2 9 5 1 9 2 8 2 5 2 9 4 7 3 1 7 4 5 4 6 2 8 1 3 2 7 3
 9 1 4 4 4 8 8 8 4 8 2 8 4 5 3 9 1 2 9 1 5 4 8 9 9 8 4 5 1 1 5 1 4 5 3 2 6
 3 6 2 8 9 4 5 4 9 2 2 7 1 4 5 1]"
0.5036121286121287,"[6 2 6 8 1 9 3 6 4 9 2 8 5 1 9 1 9 4 7 2 8 4 6 3 1 7 2 9 4 8 2 9 1 7 2 9 2
 9 1 9 4 8 4 6 4 2 5 1 9 4 5 3 9 1 1 9 1 7 4 9 8 2 7 4 5 1 4 6 4 1 5 3 8 2
 5 5 2 9 8 4 5 4 9 2 1 7 1 7 2 9]","[6 4 6 8 1 5 3 7 1 5 2 9 5 1 9 1 8 2 5 2 9 4 7 3 2 5 4 5 4 6 2 9 1 9 2 7 3
 9 1 9 4 5 8 8 8 4 7 2 3 4 5 3 9 1 2 9 1 7 1 8 9 2 5 4 5 1 2 5 1 4 5 3 2 6
 3 5 2 5 9 4 5 4 9 2 2 1 1 4 1 9]"
0.438466625966626,"[6 2 6 8 1 9 3 6 4 9 2 8 5 1 9 1 9 4 7 2 8 4 6 3 1 7 2 9 4 8 2 9 1 7 2 9 2
 9 1 9 4 8 4 6 4 2 5 1 9 4 5 3 9 1 1 9 1 7 4 9 8 2 7 4 5 1 4 6 4 1 5 3 8 2
 5 5 2 9 8 4 5 4 9 2 1 7 1 7 2 9]","[5 4 6 8 1 5 3 7 1 5 2 9 5 1 9 1 8 2 5 2 9 4 7 2 1 5 3 5 4 6 2 8 1 9 2 7 3
 9 1 9 4 5 4 8 8 4 5 1 3 4 5 8 1 1 2 8 1 5 1 5 9 2 5 4 5 1 1 7 1 1 5 3 2 6
 3 5 2 9 9 4 5 4 9 2 2 5 1 4 1 1]"
0.42358567358567356,"[6 2 6 8 1 9 3 6 4 9 2 8 5 1 9 1 9 4 7 2 8 4 6 3 1 7 2 9 4 8 2 9 1 7 2 9 2
 9 1 9 4 8 4 6 4 2 5 1 9 4 5 3 9 1 1 9 1 7 4 9 8 2 7 4 5 1 4 6 4 1 5 3 8 2
 5 5 2 9 8 4 5 4 9 2 1 7 1 7 2 9]","[6 4 9 8 1 5 3 7 4 5 2 9 6 1 9 1 8 2 6 2 9 4 5 3 1 7 4 5 4 6 2 8 1 3 7 7 2
 9 1 9 4 5 8 8 8 4 5 2 3 4 5 8 3 3 2 8 1 5 1 5 9 2 5 4 5 1 1 7 1 4 5 3 2 6
 3 6 2 8 9 4 5 4 9 2 2 5 1 4 5 1]"
0.5230718355718356,"[6 2 6 8 1 9 3 6 4 9 2 8 5 1 9 1 9 4 7 2 8 4 6 3 1 7 2 9 4 8 2 9 1 7 2 9 2
 9 1 9 4 8 4 6 4 2 5 1 9 4 5 3 9 1 1 9 1 7 4 9 8 2 7 4 5 1 4 6 4 1 5 3 8 2
 5 5 2 9 8 4 5 4 9 2 1 7 1 7 2 9]","[6 4 6 8 1 5 3 7 4 6 2 9 5 1 9 1 8 2 5 2 9 4 5 3 1 7 2 5 4 6 2 9 1 9 7 7 2
 9 1 9 4 5 4 8 8 4 5 1 3 4 5 8 3 7 2 9 1 5 4 5 9 2 8 4 5 1 1 7 1 4 5 3 2 6
 3 5 2 9 9 4 5 4 9 2 2 5 1 4 1 1]"
0.47748778998778996,"[6 2 6 8 1 9 3 6 4 9 2 8 5 1 9 1 9 4 7 2 8 4 6 3 1 7 2 9 4 8 2 9 1 7 2 9 2
 9 1 9 4 8 4 6 4 2 5 1 9 4 5 3 9 1 1 9 1 7 4 9 8 2 7 4 5 1 4 6 4 1 5 3 8 2
 5 5 2 9 8 4 5 4 9 2 1 7 1 7 2 9]","[5 4 5 8 1 5 3 7 4 5 2 9 5 1 9 1 8 2 5 2 9 4 5 3 1 7 3 5 4 6 2 8 1 9 2 5 3
 9 1 8 4 4 4 8 8 4 5 3 9 4 5 3 9 1 2 9 1 5 1 5 9 2 8 4 5 1 2 5 1 4 7 3 2 6
 3 6 2 9 9 4 5 4 9 2 1 1 1 4 5 1]"
0.35760073260073255,"[6 2 6 8 1 9 3 6 4 9 2 8 5 1 9 1 9 4 7 2 8 4 6 3 1 7 2 9 4 8 2 9 1 7 2 9 2
 9 1 9 4 8 4 6 4 2 5 1 9 4 5 3 9 1 1 9 1 7 4 9 8 2 7 4 5 1 4 6 4 1 5 3 8 2
 5 5 2 9 8 4 5 4 9 2 1 7 1 7 2 9]","[5 4 5 8 1 5 3 7 4 5 2 9 5 1 9 1 8 2 5 2 9 4 7 2 2 5 4 5 4 6 2 8 1 9 4 5 3
 9 1 8 4 5 8 8 8 4 5 3 3 4 4 8 9 1 2 9 1 5 1 5 9 1 5 4 5 1 1 7 1 4 5 3 2 6
 3 5 1 5 9 4 5 4 8 2 1 1 1 4 5 1]"
0.4672364672364673,"[6 2 6 8 1 9 3 6 4 9 2 8 5 1 9 1 9 4 7 2 8 4 6 3 1 7 2 9 4 8 2 9 1 7 2 9 2
 9 1 9 4 8 4 6 4 2 5 1 9 4 5 3 9 1 1 9 1 7 4 9 8 2 7 4 5 1 4 6 4 1 5 3 8 2
 5 5 2 9 8 4 5 4 9 2 1 7 1 7 2 9]","[6 4 9 8 1 5 3 7 1 5 2 9 5 1 9 1 7 2 5 2 9 4 7 2 1 5 4 5 4 6 2 8 1 8 1 7 2
 9 1 9 4 4 4 8 8 4 7 2 3 4 5 3 9 1 2 8 1 7 2 8 9 2 8 4 5 1 2 5 1 1 5 3 2 6
 3 5 2 9 9 4 5 4 9 2 2 5 1 4 9 1]"
0.4821174196174196,"[6 2 6 8 1 9 3 6 4 9 2 8 5 1 9 1 9 4 7 2 8 4 6 3 1 7 2 9 4 8 2 9 1 7 2 9 2
 9 1 9 4 8 4 6 4 2 5 1 9 4 5 3 9 1 1 9 1 7 4 9 8 2 7 4 5 1 4 6 4 1 5 3 8 2
 5 5 2 9 8 4 5 4 9 2 1 7 1 7 2 9]","[6 4 9 8 1 5 3 7 4 6 2 9 5 1 9 1 7 2 5 2 9 4 7 3 1 7 1 5 4 6 2 9 1 9 2 7 3
 9 1 9 4 5 4 8 8 4 7 1 3 4 5 3 9 1 2 8 1 5 1 5 9 2 5 4 5 1 2 7 1 4 7 3 2 6
 3 6 2 9 9 4 5 4 9 2 2 5 1 4 1 1]"
0.4672364672364673,"[6 2 6 8 1 9 3 6 4 9 2 8 5 1 9 1 9 4 7 2 8 4 6 3 1 7 2 9 4 8 2 9 1 7 2 9 2
 9 1 9 4 8 4 6 4 2 5 1 9 4 5 3 9 1 1 9 1 7 4 9 8 2 7 4 5 1 4 6 4 1 5 3 8 2
 5 5 2 9 8 4 5 4 9 2 1 7 1 7 2 9]","[6 4 9 8 1 7 3 7 1 6 2 9 5 1 9 1 8 2 5 2 9 4 7 3 1 7 3 5 4 6 2 9 1 9 7 7 2
 9 1 9 4 4 8 8 8 4 5 2 3 4 5 8 1 1 2 8 1 5 1 8 9 2 5 4 5 1 4 7 1 1 5 3 2 6
 3 6 2 9 9 4 5 4 9 2 2 5 1 4 1 1]"
0.48079466829466827,"[6 2 6 8 1 9 3 6 4 9 2 8 5 1 9 1 9 4 7 2 8 4 6 3 1 7 2 9 4 8 2 9 1 7 2 9 2
 9 1 9 4 8 4 6 4 2 5 1 9 4 5 3 9 1 1 9 1 7 4 9 8 2 7 4 5 1 4 6 4 1 5 3 8 2
 5 5 2 9 8 4 5 4 9 2 1 7 1 7 2 9]","[6 4 6 8 1 5 3 5 4 6 2 9 5 1 9 4 8 2 6 2 9 4 7 2 1 7 1 5 4 6 2 9 1 8 2 7 3
 9 1 9 4 5 8 8 8 4 7 2 3 4 4 3 9 1 2 8 1 5 4 8 9 2 5 4 5 1 4 7 1 4 5 3 2 6
 3 6 2 9 9 4 5 4 9 2 2 7 1 4 5 1]"
0.4622761497761497,"[6 2 6 8 1 9 3 6 4 9 2 8 5 1 9 1 9 4 7 2 8 4 6 3 1 7 2 9 4 8 2 9 1 7 2 9 2
 9 1 9 4 8 4 6 4 2 5 1 9 4 5 3 9 1 1 9 1 7 4 9 8 2 7 4 5 1 4 6 4 1 5 3 8 2
 5 5 2 9 8 4 5 4 9 2 1 7 1 7 2 9]","[6 4 9 8 1 7 3 7 4 5 2 9 5 1 9 4 7 2 5 2 9 4 7 3 1 7 3 5 4 6 2 9 1 9 2 7 3
 9 1 8 4 5 4 8 8 4 8 1 8 4 5 8 1 1 2 9 1 5 4 8 9 2 8 4 5 1 2 5 1 4 5 3 2 6
 3 6 2 8 9 4 5 4 9 2 1 5 1 4 1 1]"
0.43648249898249897,"[6 2 6 8 1 9 3 6 4 9 2 8 5 1 9 1 9 4 7 2 8 4 6 3 1 7 2 9 4 8 2 9 1 7 2 9 2
 9 1 9 4 8 4 6 4 2 5 1 9 4 5 3 9 1 1 9 1 7 4 9 8 2 7 4 5 1 4 6 4 1 5 3 8 2
 5 5 2 9 8 4 5 4 9 2 1 7 1 7 2 9]","[6 4 9 8 1 5 3 7 1 6 2 9 5 1 9 4 8 2 5 2 9 4 7 2 1 7 2 5 4 6 2 9 1 9 1 7 3
 9 1 8 4 4 8 8 8 4 7 1 8 4 5 3 9 1 2 9 1 5 1 5 9 2 5 4 5 1 2 5 1 4 5 3 2 6
 3 6 2 9 9 4 5 2 9 2 2 5 1 4 5 1]"
0.4957773707773707,"[6 2 6 8 1 9 3 6 4 9 2 8 5 1 9 1 9 4 7 2 8 4 6 3 1 7 2 9 4 8 2 9 1 7 2 9 2
 9 1 9 4 8 4 6 4 2 5 1 9 4 5 3 9 1 1 9 1 7 4 9 8 2 7 4 5 1 4 6 4 1 5 3 8 2
 5 5 2 9 8 4 5 4 9 2 1 7 1 7 2 9]","[5 4 6 8 1 5 3 7 1 6 2 9 5 1 9 1 8 2 6 2 9 4 5 3 1 7 1 5 4 6 2 8 1 9 2 7 3
 9 1 8 4 5 4 8 8 4 7 3 3 4 5 3 3 1 2 6 1 7 4 8 9 1 5 4 5 1 1 7 1 1 5 3 2 6
 3 5 1 9 9 4 5 4 9 2 1 5 1 4 1 1]"
0.4801332926332926,"[6 2 6 8 1 9 3 6 4 9 2 8 5 1 9 1 9 4 7 2 8 4 6 3 1 7 2 9 4 8 2 9 1 7 2 9 2
 9 1 9 4 8 4 6 4 2 5 1 9 4 5 3 9 1 1 9 1 7 4 9 8 2 7 4 5 1 4 6 4 1 5 3 8 2
 5 5 2 9 8 4 5 4 9 2 1 7 1 7 2 9]","[6 4 9 8 1 5 3 7 1 5 2 9 5 1 9 1 5 3 5 2 9 4 7 3 1 7 4 5 4 6 2 9 1 9 1 7 2
 9 1 3 4 4 8 8 8 4 5 3 9 4 5 8 9 1 2 6 1 5 1 5 9 2 8 4 5 1 2 5 1 1 5 3 2 6
 3 5 2 9 9 4 5 4 9 2 2 5 1 4 1 1]"
0.46998371998372,"[6 2 6 8 1 9 3 6 4 9 2 8 5 1 9 1 9 4 7 2 8 4 6 3 1 7 2 9 4 8 2 9 1 7 2 9 2
 9 1 9 4 8 4 6 4 2 5 1 9 4 5 3 9 1 1 9 1 7 4 9 8 2 7 4 5 1 4 6 4 1 5 3 8 2
 5 5 2 9 8 4 5 4 9 2 1 7 1 7 2 9]","[6 4 9 8 1 5 3 7 4 6 2 9 5 1 9 4 8 2 5 2 9 4 7 3 1 7 4 7 4 6 2 9 1 9 1 7 3
 9 1 8 4 5 4 8 8 4 7 1 8 4 5 3 9 1 2 9 1 5 1 5 9 2 5 4 5 1 2 5 1 4 5 3 2 6
 3 5 2 9 9 4 5 2 6 3 2 5 1 4 5 1]"
0.5135327635327634,"[6 2 6 8 1 9 3 6 4 9 2 8 5 1 9 1 9 4 7 2 8 4 6 3 1 7 2 9 4 8 2 9 1 7 2 9 2
 9 1 9 4 8 4 6 4 2 5 1 9 4 5 3 9 1 1 9 1 7 4 9 8 2 7 4 5 1 4 6 4 1 5 3 8 2
 5 5 2 9 8 4 5 4 9 2 1 7 1 7 2 9]","[6 4 6 8 1 5 3 7 1 5 2 9 5 1 9 1 8 2 5 2 9 4 7 3 1 7 1 5 4 6 2 9 1 9 2 7 2
 9 1 8 4 5 4 8 8 4 8 1 3 4 5 3 9 1 2 9 1 5 2 8 9 2 5 4 5 1 2 5 1 2 5 3 2 6
 3 5 1 5 9 4 5 4 9 2 2 5 1 4 5 1]"
0.48410154660154664,"[6 2 6 8 1 9 3 6 4 9 2 8 5 1 9 1 9 4 7 2 8 4 6 3 1 7 2 9 4 8 2 9 1 7 2 9 2
 9 1 9 4 8 4 6 4 2 5 1 9 4 5 3 9 1 1 9 1 7 4 9 8 2 7 4 5 1 4 6 4 1 5 3 8 2
 5 5 2 9 8 4 5 4 9 2 1 7 1 7 2 9]","[6 4 9 8 1 5 3 7 4 6 2 9 5 1 9 1 8 2 5 2 9 4 7 2 1 7 1 7 4 6 2 9 1 9 2 7 2
 9 1 8 4 5 8 8 8 4 7 1 3 4 5 3 9 1 2 8 1 7 1 8 9 2 8 4 5 1 2 5 1 1 5 3 2 6
 3 5 1 9 9 4 5 2 2 2 1 5 1 4 7 1]"
0.4329466829466829,"[6 2 6 8 1 9 3 6 4 9 2 8 5 1 9 1 9 4 7 2 8 4 6 3 1 7 2 9 4 8 2 9 1 7 2 9 2
 9 1 9 4 8 4 6 4 2 5 1 9 4 5 3 9 1 1 9 1 7 4 9 8 2 7 4 5 1 4 6 4 1 5 3 8 2
 5 5 2 9 8 4 5 4 9 2 1 7 1 7 2 9]","[6 4 6 8 1 5 3 7 1 6 2 9 5 1 9 1 7 2 5 2 9 4 7 3 1 7 1 7 4 6 2 8 1 9 1 7 2
 9 1 9 4 5 8 8 8 4 8 2 3 4 5 8 1 7 2 8 1 7 4 8 9 2 5 4 5 1 1 5 1 4 7 3 2 6
 3 5 1 9 9 4 5 2 2 3 2 5 1 4 1 1]"
0.39679995929995926,"[6 2 6 8 1 9 3 6 4 9 2 8 5 1 9 1 9 4 7 2 8 4 6 3 1 7 2 9 4 8 2 9 1 7 2 9 2
 9 1 9 4 8 4 6 4 2 5 1 9 4 5 3 9 1 1 9 1 7 4 9 8 2 7 4 5 1 4 6 4 1 5 3 8 2
 5 5 2 9 8 4 5 4 9 2 1 7 1 7 2 9]","[6 4 9 8 1 5 3 5 1 6 2 9 5 1 9 4 8 2 5 2 9 4 7 3 1 7 2 5 4 6 2 9 1 4 7 7 3
 9 1 8 4 5 8 8 8 4 7 3 3 4 4 8 1 1 2 9 1 5 4 8 9 2 5 4 5 1 2 5 1 4 5 2 2 6
 3 6 2 5 9 4 5 4 9 2 1 5 1 4 1 1]"
0.49341168091168086,"[6 2 6 8 1 9 3 6 4 9 2 8 5 1 9 1 9 4 7 2 8 4 6 3 1 7 2 9 4 8 2 9 1 7 2 9 2
 9 1 9 4 8 4 6 4 2 5 1 9 4 5 3 9 1 1 9 1 7 4 9 8 2 7 4 5 1 4 6 4 1 5 3 8 2
 5 5 2 9 8 4 5 4 9 2 1 7 1 7 2 9]","[6 4 9 8 1 5 3 7 1 6 2 9 5 1 9 1 7 2 5 2 9 4 7 3 1 7 4 5 4 6 2 9 1 9 1 7 2
 9 1 8 4 5 4 8 8 4 7 2 9 4 5 3 9 1 2 8 1 5 1 5 9 2 5 4 5 1 2 5 1 1 5 3 2 6
 3 5 1 9 9 4 5 4 9 2 2 5 1 4 5 1]"
0.5178317053317053,"[6 2 6 8 1 9 3 6 4 9 2 8 5 1 9 1 9 4 7 2 8 4 6 3 1 7 2 9 4 8 2 9 1 7 2 9 2
 9 1 9 4 8 4 6 4 2 5 1 9 4 5 3 9 1 1 9 1 7 4 9 8 2 7 4 5 1 4 6 4 1 5 3 8 2
 5 5 2 9 8 4 5 4 9 2 1 7 1 7 2 9]","[6 4 9 8 1 5 3 7 1 5 2 9 5 1 9 1 8 2 5 2 9 4 7 3 1 7 4 5 4 6 2 9 1 9 2 7 2
 9 1 8 4 5 8 8 8 4 7 1 9 4 5 3 9 1 2 8 1 5 1 5 9 2 5 4 5 1 4 5 4 1 5 3 2 6
 3 5 1 9 9 4 5 4 9 2 2 5 1 4 5 1]"
0.4394586894586895,"[6 2 6 8 1 9 3 6 4 9 2 8 5 1 9 1 9 4 7 2 8 4 6 3 1 7 2 9 4 8 2 9 1 7 2 9 2
 9 1 9 4 8 4 6 4 2 5 1 9 4 5 3 9 1 1 9 1 7 4 9 8 2 7 4 5 1 4 6 4 1 5 3 8 2
 5 5 2 9 8 4 5 4 9 2 1 7 1 7 2 9]","[6 4 9 8 1 5 3 5 4 6 2 9 5 1 9 1 5 3 5 2 9 4 7 3 1 7 1 5 4 6 2 8 1 9 2 7 3
 9 1 8 4 5 8 2 8 4 5 2 3 4 4 8 1 7 2 6 1 5 1 5 9 2 5 4 5 1 2 5 1 1 5 3 2 6
 3 6 2 9 9 4 5 4 9 2 1 5 1 4 1 1]"
0.4612840862840863,"[6 2 6 8 1 9 3 6 4 9 2 8 5 1 9 1 9 4 7 2 8 4 6 3 1 7 2 9 4 8 2 9 1 7 2 9 2
 9 1 9 4 8 4 6 4 2 5 1 9 4 5 3 9 1 1 9 1 7 4 9 8 2 7 4 5 1 4 6 4 1 5 3 8 2
 5 5 2 9 8 4 5 4 9 2 1 7 1 7 2 9]","[5 4 6 8 1 5 3 7 4 5 2 9 5 1 9 1 7 2 5 2 9 4 7 3 2 7 1 7 4 6 2 8 1 9 2 7 3
 9 1 9 4 5 8 8 8 4 8 2 3 4 4 8 3 1 2 6 1 5 4 6 9 2 5 4 5 1 4 7 1 1 5 3 2 6
 3 5 2 9 4 4 5 4 9 2 2 5 1 4 1 9]"
0.456043956043956,"[6 2 6 8 1 9 3 6 4 9 2 8 5 1 9 1 9 4 7 2 8 4 6 3 1 7 2 9 4 8 2 9 1 7 2 9 2
 9 1 9 4 8 4 6 4 2 5 1 9 4 5 3 9 1 1 9 1 7 4 9 8 2 7 4 5 1 4 6 4 1 5 3 8 2
 5 5 2 9 8 4 5 4 9 2 1 7 1 7 2 9]","[5 4 9 8 1 5 3 7 4 5 2 9 5 1 9 1 8 2 5 2 9 4 7 3 1 7 4 5 4 6 2 9 1 8 7 7 2
 9 1 9 4 5 4 8 8 4 7 1 8 4 5 8 3 1 2 9 1 5 1 8 9 2 8 4 5 1 2 5 1 1 5 3 2 6
 3 5 1 5 9 4 5 4 9 2 2 1 1 4 7 1]"
0.5323310948310948,"[6 2 6 8 1 9 3 6 4 9 2 8 5 1 9 1 9 4 7 2 8 4 6 3 1 7 2 9 4 8 2 9 1 7 2 9 2
 9 1 9 4 8 4 6 4 2 5 1 9 4 5 3 9 1 1 9 1 7 4 9 8 2 7 4 5 1 4 6 4 1 5 3 8 2
 5 5 2 9 8 4 5 4 9 2 1 7 1 7 2 9]","[6 4 8 8 1 5 3 7 4 6 2 9 5 1 9 1 8 2 5 2 9 4 7 3 2 7 1 5 4 6 2 9 1 9 2 7 2
 9 1 8 4 5 8 8 8 4 5 1 8 4 5 3 9 1 2 9 1 5 4 8 9 2 5 4 5 1 2 5 1 4 5 3 2 6
 3 5 2 9 9 4 5 4 9 2 1 5 1 4 1 1]"
0.4524063899063899,"[6 2 6 8 1 9 3 6 4 9 2 8 5 1 9 1 9 4 7 2 8 4 6 3 1 7 2 9 4 8 2 9 1 7 2 9 2
 9 1 9 4 8 4 6 4 2 5 1 9 4 5 3 9 1 1 9 1 7 4 9 8 2 7 4 5 1 4 6 4 1 5 3 8 2
 5 5 2 9 8 4 5 4 9 2 1 7 1 7 2 9]","[6 4 6 8 1 5 3 7 1 6 2 9 5 1 9 1 8 2 5 2 9 4 5 3 1 5 4 5 4 6 2 9 1 9 7 7 3
 9 1 9 4 5 8 8 8 4 5 2 9 4 5 8 1 1 2 6 1 5 1 8 9 2 8 4 5 1 2 5 1 4 5 3 2 6
 3 6 2 9 9 4 5 2 9 2 1 5 1 4 1 1]"
0.49837199837199836,"[6 2 6 8 1 9 3 6 4 9 2 8 5 1 9 1 9 4 7 2 8 4 6 3 1 7 2 9 4 8 2 9 1 7 2 9 2
 9 1 9 4 8 4 6 4 2 5 1 9 4 5 3 9 1 1 9 1 7 4 9 8 2 7 4 5 1 4 6 4 1 5 3 8 2
 5 5 2 9 8 4 5 4 9 2 1 7 1 7 2 9]","[6 4 5 8 1 5 3 7 4 5 2 9 5 1 9 1 8 2 5 2 9 4 7 3 1 7 4 5 4 6 2 8 1 9 7 7 3
 9 1 8 4 5 4 8 8 4 5 1 3 4 5 3 3 1 2 8 1 7 4 8 9 2 8 4 5 1 1 7 1 1 5 3 2 6
 3 6 2 8 9 4 5 4 8 2 2 5 1 4 5 1]"
0.45670533170533173,"[6 2 6 8 1 9 3 6 4 9 2 8 5 1 9 1 9 4 7 2 8 4 6 3 1 7 2 9 4 8 2 9 1 7 2 9 2
 9 1 9 4 8 4 6 4 2 5 1 9 4 5 3 9 1 1 9 1 7 4 9 8 2 7 4 5 1 4 6 4 1 5 3 8 2
 5 5 2 9 8 4 5 4 9 2 1 7 1 7 2 9]","[6 4 9 8 1 5 3 7 1 6 2 9 5 1 9 2 5 3 6 2 9 4 7 3 1 7 1 5 4 6 2 9 1 8 2 7 3
 9 1 3 4 4 8 2 8 4 5 3 8 4 5 8 9 1 2 6 1 5 1 5 9 1 5 4 5 1 4 7 1 4 5 3 2 6
 3 5 2 9 9 4 5 4 9 2 2 5 1 4 1 1]"
0.4884513634513634,"[6 2 6 8 1 9 3 6 4 9 2 8 5 1 9 1 9 4 7 2 8 4 6 3 1 7 2 9 4 8 2 9 1 7 2 9 2
 9 1 9 4 8 4 6 4 2 5 1 9 4 5 3 9 1 1 9 1 7 4 9 8 2 7 4 5 1 4 6 4 1 5 3 8 2
 5 5 2 9 8 4 5 4 9 2 1 7 1 7 2 9]","[6 4 5 8 1 5 3 7 1 6 2 9 5 1 9 1 5 3 5 2 9 4 7 3 1 7 1 5 4 6 2 8 1 3 7 7 2
 9 1 8 4 5 4 8 8 4 5 1 3 4 5 8 9 1 2 9 1 5 1 5 9 2 5 4 5 1 2 5 1 1 5 3 2 6
 3 5 1 9 9 4 5 4 9 2 1 5 1 4 1 1]"
0.48387260887260886,"[6 2 6 8 1 9 3 6 4 9 2 8 5 1 9 1 9 4 7 2 8 4 6 3 1 7 2 9 4 8 2 9 1 7 2 9 2
 9 1 9 4 8 4 6 4 2 5 1 9 4 5 3 9 1 1 9 1 7 4 9 8 2 7 4 5 1 4 6 4 1 5 3 8 2
 5 5 2 9 8 4 5 4 9 2 1 7 1 7 2 9]","[6 4 9 8 1 5 3 7 1 6 2 9 5 1 9 4 8 2 5 2 9 4 7 3 1 7 3 5 4 6 2 9 1 3 7 7 2
 9 1 8 4 5 4 8 8 4 5 1 9 4 5 3 9 1 2 8 1 5 1 5 9 1 5 4 5 1 2 5 1 4 5 3 2 6
 3 5 1 5 9 4 5 2 9 2 1 5 1 4 5 1]"
0.4375763125763126,"[6 2 6 8 1 9 3 6 4 9 2 8 5 1 9 1 9 4 7 2 8 4 6 3 1 7 2 9 4 8 2 9 1 7 2 9 2
 9 1 9 4 8 4 6 4 2 5 1 9 4 5 3 9 1 1 9 1 7 4 9 8 2 7 4 5 1 4 6 4 1 5 3 8 2
 5 5 2 9 8 4 5 4 9 2 1 7 1 7 2 9]","[5 4 5 8 1 5 3 7 4 5 2 9 5 1 9 1 8 2 5 2 9 4 5 3 2 7 4 5 4 6 2 9 1 3 7 7 3
 9 1 3 5 4 8 8 8 4 7 3 3 4 4 3 9 1 2 6 1 5 4 5 9 2 5 4 5 1 1 7 1 1 5 3 2 6
 3 5 1 9 9 4 5 4 9 2 2 5 1 4 7 1]"
0.42358567358567356,"[6 2 6 8 1 9 3 6 4 9 2 8 5 1 9 1 9 4 7 2 8 4 6 3 1 7 2 9 4 8 2 9 1 7 2 9 2
 9 1 9 4 8 4 6 4 2 5 1 9 4 5 3 9 1 1 9 1 7 4 9 8 2 7 4 5 1 4 6 4 1 5 3 8 2
 5 5 2 9 8 4 5 4 9 2 1 7 1 7 2 9]","[6 4 9 8 1 5 3 7 1 6 2 9 5 1 9 2 8 2 5 2 9 4 7 3 1 7 1 5 4 6 2 9 1 9 2 7 3
 9 1 9 4 5 8 8 8 4 8 1 3 4 5 8 3 1 2 8 1 5 1 5 9 2 5 4 5 1 1 5 1 4 5 3 2 6
 3 6 2 8 9 4 5 4 8 2 2 5 1 4 1 1]"
0.47891229141229136,"[6 2 6 8 1 9 3 6 4 9 2 8 5 1 9 1 9 4 7 2 8 4 6 3 1 7 2 9 4 8 2 9 1 7 2 9 2
 9 1 9 4 8 4 6 4 2 5 1 9 4 5 3 9 1 1 9 1 7 4 9 8 2 7 4 5 1 4 6 4 1 5 3 8 2
 5 5 2 9 8 4 5 4 9 2 1 7 1 7 2 9]","[6 4 5 8 1 5 3 7 4 5 2 9 5 1 9 1 5 3 5 2 9 4 5 3 1 7 1 5 4 6 2 9 1 3 7 7 3
 9 1 9 4 5 8 8 8 4 5 3 3 4 4 3 1 1 2 5 1 5 5 5 9 9 5 4 5 1 4 7 1 1 5 3 2 6
 3 5 2 5 9 4 5 4 9 2 2 5 1 4 1 1]"
0.4841524216524216,"[6 2 6 8 1 9 3 6 4 9 2 8 5 1 9 1 9 4 7 2 8 4 6 3 1 7 2 9 4 8 2 9 1 7 2 9 2
 9 1 9 4 8 4 6 4 2 5 1 9 4 5 3 9 1 1 9 1 7 4 9 8 2 7 4 5 1 4 6 4 1 5 3 8 2
 5 5 2 9 8 4 5 4 9 2 1 7 1 7 2 9]","[6 4 6 8 1 5 3 7 4 5 2 9 5 1 9 1 8 4 5 2 9 4 7 3 1 5 3 5 4 6 2 9 1 9 7 7 3
 9 1 8 4 5 4 8 8 4 5 4 8 4 5 8 9 1 2 8 1 5 1 5 9 2 5 4 5 1 1 7 1 1 5 3 2 6
 3 5 2 5 9 4 5 4 9 2 2 5 1 4 5 1]"
0.4656339031339032,"[6 2 6 8 1 9 3 6 4 9 2 8 5 1 9 1 9 4 7 2 8 4 6 3 1 7 2 9 4 8 2 9 1 7 2 9 2
 9 1 9 4 8 4 6 4 2 5 1 9 4 5 3 9 1 1 9 1 7 4 9 8 2 7 4 5 1 4 6 4 1 5 3 8 2
 5 5 2 9 8 4 5 4 9 2 1 7 1 7 2 9]","[6 4 9 8 1 5 3 7 1 5 2 9 5 1 9 1 5 2 5 2 9 7 7 3 1 7 1 5 4 6 2 9 1 4 7 7 3
 9 1 9 4 5 8 8 8 4 5 1 3 4 4 8 3 7 2 6 1 7 4 8 9 2 5 4 5 1 1 7 1 4 5 3 2 6
 3 5 2 9 9 4 5 4 9 2 2 5 1 4 1 9]"
0.495014245014245,"[6 2 6 8 1 9 3 6 4 9 2 8 5 1 9 1 9 4 7 2 8 4 6 3 1 7 2 9 4 8 2 9 1 7 2 9 2
 9 1 9 4 8 4 6 4 2 5 1 9 4 5 3 9 1 1 9 1 7 4 9 8 2 7 4 5 1 4 6 4 1 5 3 8 2
 5 5 2 9 8 4 5 4 9 2 1 7 1 7 2 9]","[6 4 9 8 1 7 3 7 1 6 2 9 5 1 9 1 7 2 5 2 9 4 7 3 1 7 1 6 4 6 2 9 1 6 2 7 2
 9 1 3 4 4 8 8 8 4 7 2 3 4 4 3 9 1 2 5 1 5 4 9 9 2 5 4 5 1 4 7 1 4 5 3 2 6
 3 5 1 5 8 4 5 4 9 2 2 5 1 4 5 1]"
0.4741809116809117,"[6 2 6 8 1 9 3 6 4 9 2 8 5 1 9 1 9 4 7 2 8 4 6 3 1 7 2 9 4 8 2 9 1 7 2 9 2
 9 1 9 4 8 4 6 4 2 5 1 9 4 5 3 9 1 1 9 1 7 4 9 8 2 7 4 5 1 4 6 4 1 5 3 8 2
 5 5 2 9 8 4 5 4 9 2 1 7 1 7 2 9]","[6 4 9 8 1 5 3 7 4 5 2 9 5 1 9 1 8 3 5 2 9 4 7 3 1 7 1 5 4 6 2 9 1 9 7 7 2
 9 1 9 4 5 4 8 8 4 7 1 9 4 5 8 9 7 2 8 1 5 1 5 9 2 8 4 5 4 2 5 1 1 5 3 2 6
 3 5 2 5 9 4 5 4 9 2 2 5 1 4 5 1]"
0.4745624745624746,"[6 2 6 8 1 9 3 6 4 9 2 8 5 1 9 1 9 4 7 2 8 4 6 3 1 7 2 9 4 8 2 9 1 7 2 9 2
 9 1 9 4 8 4 6 4 2 5 1 9 4 5 3 9 1 1 9 1 7 4 9 8 2 7 4 5 1 4 6 4 1 5 3 8 2
 5 5 2 9 8 4 5 4 9 2 1 7 1 7 2 9]","[6 4 9 8 1 5 3 7 4 6 2 9 5 1 9 4 8 2 5 2 9 4 7 3 1 7 4 5 4 6 2 8 1 8 7 7 3
 9 1 9 4 5 8 8 8 4 8 2 3 4 4 3 9 1 2 9 1 5 1 5 9 2 5 4 5 1 2 5 1 1 5 3 2 6
 3 6 2 8 9 4 5 4 9 2 1 7 1 4 5 1]"
0.47097578347578345,"[6 2 6 8 1 9 3 6 4 9 2 8 5 1 9 1 9 4 7 2 8 4 6 3 1 7 2 9 4 8 2 9 1 7 2 9 2
 9 1 9 4 8 4 6 4 2 5 1 9 4 5 3 9 1 1 9 1 7 4 9 8 2 7 4 5 1 4 6 4 1 5 3 8 2
 5 5 2 9 8 4 5 4 9 2 1 7 1 7 2 9]","[6 4 9 8 1 5 3 7 4 5 2 9 5 1 9 1 8 2 5 2 9 4 7 3 1 7 1 5 4 6 2 9 1 3 7 7 3
 9 1 8 4 5 4 8 8 4 8 1 9 4 5 8 1 7 2 9 1 5 1 8 8 2 5 8 5 1 2 7 1 2 5 3 2 6
 3 5 1 9 9 4 5 4 9 2 1 5 1 4 5 1]"
0.40710215710215714,"[6 2 6 8 1 9 3 6 4 9 2 8 5 1 9 1 9 4 7 2 8 4 6 3 1 7 2 9 4 8 2 9 1 7 2 9 2
 9 1 9 4 8 4 6 4 2 5 1 9 4 5 3 9 1 1 9 1 7 4 9 8 2 7 4 5 1 4 6 4 1 5 3 8 2
 5 5 2 9 8 4 5 4 9 2 1 7 1 7 2 9]","[6 4 9 8 1 5 3 7 4 5 2 9 5 1 9 4 8 2 5 2 9 4 7 2 2 7 4 5 4 6 1 9 1 3 2 7 3
 9 1 3 5 4 4 8 8 4 7 1 3 5 4 3 9 1 2 8 1 5 1 5 9 2 5 4 5 1 2 5 1 1 5 3 2 6
 3 6 2 9 9 4 5 2 9 2 2 5 1 4 8 1]"
0.4473951973951974,"[6 2 6 8 1 9 3 6 4 9 2 8 5 1 9 1 9 4 7 2 8 4 6 3 1 7 2 9 4 8 2 9 1 7 2 9 2
 9 1 9 4 8 4 6 4 2 5 1 9 4 5 3 9 1 1 9 1 7 4 9 8 2 7 4 5 1 4 6 4 1 5 3 8 2
 5 5 2 9 8 4 5 4 9 2 1 7 1 7 2 9]","[6 4 5 8 1 5 3 7 4 6 2 9 6 1 9 1 5 4 5 2 9 4 7 3 1 7 2 5 4 6 2 8 1 8 7 7 3
 9 1 8 4 4 8 8 8 4 5 2 3 4 4 8 9 1 2 8 1 5 1 5 9 2 5 4 5 1 2 5 1 1 5 3 2 6
 3 6 2 9 9 4 5 4 9 2 2 5 1 4 8 9]"
0.4747914122914123,"[6 2 6 8 1 9 3 6 4 9 2 8 5 1 9 1 9 4 7 2 8 4 6 3 1 7 2 9 4 8 2 9 1 7 2 9 2
 9 1 9 4 8 4 6 4 2 5 1 9 4 5 3 9 1 1 9 1 7 4 9 8 2 7 4 5 1 4 6 4 1 5 3 8 2
 5 5 2 9 8 4 5 4 9 2 1 7 1 7 2 9]","[6 4 9 8 1 5 3 7 4 6 2 9 5 1 9 2 8 3 5 2 9 4 7 3 1 7 3 5 4 6 2 9 1 9 2 7 2
 9 1 8 4 5 8 8 8 4 5 3 3 4 5 8 1 1 2 9 1 5 1 5 9 2 5 4 5 1 2 5 1 4 5 3 2 6
 3 5 2 9 9 4 5 4 6 2 1 5 1 4 1 1]"
0.4543396418396418,"[6 2 6 8 1 9 3 6 4 9 2 8 5 1 9 1 9 4 7 2 8 4 6 3 1 7 2 9 4 8 2 9 1 7 2 9 2
 9 1 9 4 8 4 6 4 2 5 1 9 4 5 3 9 1 1 9 1 7 4 9 8 2 7 4 5 1 4 6 4 1 5 3 8 2
 5 5 2 9 8 4 5 4 9 2 1 7 1 7 2 9]","[6 4 9 8 1 5 3 7 4 5 2 9 6 1 9 1 7 2 5 2 9 4 7 3 1 7 4 5 4 6 2 9 1 9 2 7 3
 9 1 9 4 5 8 8 8 4 7 2 9 4 5 8 1 1 2 6 1 5 1 5 9 2 5 4 5 1 4 7 1 1 5 3 2 6
 3 6 2 9 9 4 5 4 9 2 2 5 1 4 1 1]"
0.4729599104599105,"[6 2 6 8 1 9 3 6 4 9 2 8 5 1 9 1 9 4 7 2 8 4 6 3 1 7 2 9 4 8 2 9 1 7 2 9 2
 9 1 9 4 8 4 6 4 2 5 1 9 4 5 3 9 1 1 9 1 7 4 9 8 2 7 4 5 1 4 6 4 1 5 3 8 2
 5 5 2 9 8 4 5 4 9 2 1 7 1 7 2 9]","[6 4 9 8 1 5 3 7 1 6 2 9 5 1 9 1 5 2 6 2 9 4 7 3 1 7 3 5 4 6 2 9 1 9 4 7 2
 9 1 8 4 5 4 8 8 4 5 1 3 4 5 8 1 1 2 9 1 5 4 8 9 2 5 4 5 1 2 5 1 1 5 3 2 6
 3 5 1 9 9 4 5 2 6 3 1 5 1 4 5 1]"
0.46563390313390307,"[6 2 6 8 1 9 3 6 4 9 2 8 5 1 9 1 9 4 7 2 8 4 6 3 1 7 2 9 4 8 2 9 1 7 2 9 2
 9 1 9 4 8 4 6 4 2 5 1 9 4 5 3 9 1 1 9 1 7 4 9 8 2 7 4 5 1 4 6 4 1 5 3 8 2
 5 5 2 9 8 4 5 4 9 2 1 7 1 7 2 9]","[6 4 9 8 1 5 3 7 4 5 2 9 5 1 9 4 8 2 5 2 9 4 7 3 1 7 4 5 4 6 2 9 1 3 7 7 2
 9 1 8 4 5 8 8 8 4 5 1 3 4 5 8 1 1 2 9 1 5 1 5 9 2 5 4 5 1 2 5 1 4 5 3 2 6
 3 5 1 5 9 4 5 4 9 2 1 5 1 4 7 1]"
0.45014245014245013,"[6 2 6 8 1 9 3 6 4 9 2 8 5 1 9 1 9 4 7 2 8 4 6 3 1 7 2 9 4 8 2 9 1 7 2 9 2
 9 1 9 4 8 4 6 4 2 5 1 9 4 5 3 9 1 1 9 1 7 4 9 8 2 7 4 5 1 4 6 4 1 5 3 8 2
 5 5 2 9 8 4 5 4 9 2 1 7 1 7 2 9]","[6 4 9 8 1 5 3 7 4 5 2 9 5 1 9 1 8 2 5 2 9 4 7 8 1 7 1 5 4 6 2 9 1 9 2 7 3
 9 1 8 4 5 8 8 8 4 8 2 8 4 5 3 9 1 2 9 1 5 1 5 9 2 5 4 5 1 1 7 1 1 5 3 2 6
 3 5 1 9 9 4 5 2 6 3 1 1 1 4 5 1]"
0.4431471306471307,"[6 2 6 8 1 9 3 6 4 9 2 8 5 1 9 1 9 4 7 2 8 4 6 3 1 7 2 9 4 8 2 9 1 7 2 9 2
 9 1 9 4 8 4 6 4 2 5 1 9 4 5 3 9 1 1 9 1 7 4 9 8 2 7 4 5 1 4 6 4 1 5 3 8 2
 5 5 2 9 8 4 5 4 9 2 1 7 1 7 2 9]","[5 4 9 8 1 7 3 7 4 6 2 9 6 1 9 4 8 2 6 2 9 4 7 2 2 7 1 5 4 6 2 9 1 3 7 1 3
 9 1 9 4 5 8 8 8 4 7 2 9 4 5 3 9 1 2 6 1 7 1 8 9 2 5 4 5 1 4 7 1 4 5 3 2 8
 1 6 2 5 9 4 5 4 9 2 1 7 1 4 1 1]"
0.49468355718355717,"[6 2 6 8 1 9 3 6 4 9 2 8 5 1 9 1 9 4 7 2 8 4 6 3 1 7 2 9 4 8 2 9 1 7 2 9 2
 9 1 9 4 8 4 6 4 2 5 1 9 4 5 3 9 1 1 9 1 7 4 9 8 2 7 4 5 1 4 6 4 1 5 3 8 2
 5 5 2 9 8 4 5 4 9 2 1 7 1 7 2 9]","[6 4 6 8 1 5 3 7 1 6 2 9 5 1 9 2 8 2 5 2 9 4 7 3 1 7 3 5 4 6 2 9 1 9 7 7 2
 9 1 3 4 5 4 8 8 4 7 1 3 4 5 8 9 1 2 6 1 7 4 8 9 2 8 4 5 1 1 7 1 4 5 3 2 6
 3 5 2 9 9 4 5 2 2 2 1 5 1 4 5 1]"
0.44319800569800566,"[6 2 6 8 1 9 3 6 4 9 2 8 5 1 9 1 9 4 7 2 8 4 6 3 1 7 2 9 4 8 2 9 1 7 2 9 2
 9 1 9 4 8 4 6 4 2 5 1 9 4 5 3 9 1 1 9 1 7 4 9 8 2 7 4 5 1 4 6 4 1 5 3 8 2
 5 5 2 9 8 4 5 4 9 2 1 7 1 7 2 9]","[6 4 9 8 1 5 3 7 4 5 2 9 5 1 9 2 8 3 5 2 9 4 7 3 1 7 2 5 4 6 2 8 1 8 7 7 3
 9 1 9 4 5 4 8 8 4 5 3 3 4 4 8 1 1 2 6 1 5 1 5 9 1 5 4 5 1 1 7 1 4 5 3 2 6
 3 5 1 9 9 4 5 4 9 2 1 5 1 4 5 1]"
0.5142450142450142,"[6 2 6 8 1 9 3 6 4 9 2 8 5 1 9 1 9 4 7 2 8 4 6 3 1 7 2 9 4 8 2 9 1 7 2 9 2
 9 1 9 4 8 4 6 4 2 5 1 9 4 5 3 9 1 1 9 1 7 4 9 8 2 7 4 5 1 4 6 4 1 5 3 8 2
 5 5 2 9 8 4 5 4 9 2 1 7 1 7 2 9]","[6 4 9 8 1 5 3 7 1 5 2 9 5 1 9 2 8 2 5 2 9 4 5 3 1 7 4 5 4 6 2 9 1 9 7 7 3
 9 1 9 4 5 4 8 8 4 5 1 9 4 5 3 9 1 2 6 1 5 1 8 9 2 5 4 5 1 1 7 1 1 5 3 2 6
 3 5 2 9 9 4 5 4 9 2 2 5 1 4 5 1]"
0.4107905982905983,"[6 2 6 8 1 9 3 6 4 9 2 8 5 1 9 1 9 4 7 2 8 4 6 3 1 7 2 9 4 8 2 9 1 7 2 9 2
 9 1 9 4 8 4 6 4 2 5 1 9 4 5 3 9 1 1 9 1 7 4 9 8 2 7 4 5 1 4 6 4 1 5 3 8 2
 5 5 2 9 8 4 5 4 9 2 1 7 1 7 2 9]","[5 4 9 8 1 5 3 7 1 5 2 9 5 1 9 1 8 2 5 2 9 4 7 2 1 7 4 5 4 6 2 8 1 3 7 7 3
 9 1 9 4 5 8 8 8 4 8 2 3 5 4 3 9 1 2 6 1 5 4 8 9 2 5 4 5 1 2 5 1 1 5 3 2 6
 3 5 1 5 9 4 5 4 9 2 1 5 1 4 7 1]"
0.47990435490435485,"[6 2 6 8 1 9 3 6 4 9 2 8 5 1 9 1 9 4 7 2 8 4 6 3 1 7 2 9 4 8 2 9 1 7 2 9 2
 9 1 9 4 8 4 6 4 2 5 1 9 4 5 3 9 1 1 9 1 7 4 9 8 2 7 4 5 1 4 6 4 1 5 3 8 2
 5 5 2 9 8 4 5 4 9 2 1 7 1 7 2 9]","[6 4 9 8 1 5 3 7 4 6 2 9 5 1 9 1 8 2 6 2 9 4 7 3 1 5 4 5 4 6 1 9 1 9 7 7 2
 9 1 8 4 5 4 8 8 4 7 1 9 4 5 8 1 7 2 9 1 5 4 9 9 2 5 4 5 1 2 5 4 1 5 3 2 6
 3 5 1 9 9 4 5 4 9 2 1 1 1 4 1 1]"
0.45830789580789577,"[6 2 6 8 1 9 3 6 4 9 2 8 5 1 9 1 9 4 7 2 8 4 6 3 1 7 2 9 4 8 2 9 1 7 2 9 2
 9 1 9 4 8 4 6 4 2 5 1 9 4 5 3 9 1 1 9 1 7 4 9 8 2 7 4 5 1 4 6 4 1 5 3 8 2
 5 5 2 9 8 4 5 4 9 2 1 7 1 7 2 9]","[6 4 9 8 1 7 3 7 1 5 2 9 5 1 9 1 5 3 5 2 9 4 7 3 1 7 4 5 4 6 2 9 1 9 2 7 2
 9 1 8 4 5 4 8 8 4 5 3 3 4 5 8 1 1 2 8 1 5 1 5 9 2 5 4 5 1 1 7 1 4 5 3 2 6
 3 5 1 9 9 4 5 2 9 2 2 5 1 4 7 1]"
0.4857041107041107,"[6 2 6 8 1 9 3 6 4 9 2 8 5 1 9 1 9 4 7 2 8 4 6 3 1 7 2 9 4 8 2 9 1 7 2 9 2
 9 1 9 4 8 4 6 4 2 5 1 9 4 5 3 9 1 1 9 1 7 4 9 8 2 7 4 5 1 4 6 4 1 5 3 8 2
 5 5 2 9 8 4 5 4 9 2 1 7 1 7 2 9]","[6 4 9 8 1 5 3 7 1 5 2 9 5 1 9 4 8 2 5 2 9 4 7 3 1 7 4 5 4 6 2 9 1 9 2 7 2
 9 1 3 4 5 4 8 8 4 7 1 3 4 5 8 1 1 2 9 1 7 4 8 9 2 8 4 5 1 1 7 1 4 5 3 2 6
 3 6 2 9 9 4 5 4 9 2 1 5 1 1 1 1]"
0.4511345136345137,"[6 2 6 8 1 9 3 6 4 9 2 8 5 1 9 1 9 4 7 2 8 4 6 3 1 7 2 9 4 8 2 9 1 7 2 9 2
 9 1 9 4 8 4 6 4 2 5 1 9 4 5 3 9 1 1 9 1 7 4 9 8 2 7 4 5 1 4 6 4 1 5 3 8 2
 5 5 2 9 8 4 5 4 9 2 1 7 1 7 2 9]","[6 4 9 8 1 5 3 7 1 6 2 9 5 1 9 4 8 1 5 2 9 4 7 3 1 7 4 5 4 6 2 9 1 9 2 7 3
 9 1 3 4 4 8 8 8 4 7 3 8 4 5 8 9 1 2 9 1 7 4 8 9 1 5 4 5 1 2 5 1 1 5 3 2 6
 3 5 1 5 9 4 5 4 2 2 2 5 1 4 1 1]"
0.43686406186406185,"[6 2 6 8 1 9 3 6 4 9 2 8 5 1 9 1 9 4 7 2 8 4 6 3 1 7 2 9 4 8 2 9 1 7 2 9 2
 9 1 9 4 8 4 6 4 2 5 1 9 4 5 3 9 1 1 9 1 7 4 9 8 2 7 4 5 1 4 6 4 1 5 3 8 2
 5 5 2 9 8 4 5 4 9 2 1 7 1 7 2 9]","[5 4 6 8 1 7 3 7 1 6 2 9 5 1 9 1 5 2 5 2 9 4 5 3 1 7 1 5 4 6 2 9 1 9 1 7 3
 9 1 3 4 4 8 8 8 4 7 3 9 4 5 8 1 1 2 5 1 5 1 5 9 2 5 4 5 1 2 5 1 1 5 3 2 6
 3 6 2 9 9 4 5 4 9 2 2 5 1 4 1 1]"
0.448005698005698,"[6 2 6 8 1 9 3 6 4 9 2 8 5 1 9 1 9 4 7 2 8 4 6 3 1 7 2 9 4 8 2 9 1 7 2 9 2
 9 1 9 4 8 4 6 4 2 5 1 9 4 5 3 9 1 1 9 1 7 4 9 8 2 7 4 5 1 4 6 4 1 5 3 8 2
 5 5 2 9 8 4 5 4 9 2 1 7 1 7 2 9]","[6 4 9 8 1 5 3 7 4 5 2 9 5 1 9 4 8 2 5 2 9 4 7 3 1 7 1 5 4 6 2 8 1 3 2 7 2
 9 1 8 4 5 4 8 8 4 8 2 8 4 5 8 9 1 2 8 1 5 1 5 9 2 5 4 5 1 1 7 1 4 5 3 2 6
 3 6 2 6 9 4 5 4 9 2 1 5 1 4 1 1]"
0.44853988603988604,"[6 2 6 8 1 9 3 6 4 9 2 8 5 1 9 1 9 4 7 2 8 4 6 3 1 7 2 9 4 8 2 9 1 7 2 9 2
 9 1 9 4 8 4 6 4 2 5 1 9 4 5 3 9 1 1 9 1 7 4 9 8 2 7 4 5 1 4 6 4 1 5 3 8 2
 5 5 2 9 8 4 5 4 9 2 1 7 1 7 2 9]","[6 4 9 8 1 5 3 7 1 6 2 9 5 1 9 1 5 3 5 2 9 4 7 3 1 7 1 5 4 6 2 8 1 3 7 7 3
 9 1 8 4 5 8 8 8 4 5 3 8 4 5 8 1 1 2 6 1 5 2 8 9 9 5 4 5 1 4 7 1 4 5 3 2 6
 3 5 1 9 9 4 5 4 9 2 1 5 1 4 1 9]"
0.4676180301180301,"[6 2 6 8 1 9 3 6 4 9 2 8 5 1 9 1 9 4 7 2 8 4 6 3 1 7 2 9 4 8 2 9 1 7 2 9 2
 9 1 9 4 8 4 6 4 2 5 1 9 4 5 3 9 1 1 9 1 7 4 9 8 2 7 4 5 1 4 6 4 1 5 3 8 2
 5 5 2 9 8 4 5 4 9 2 1 7 1 7 2 9]","[6 4 9 8 1 5 3 7 1 6 2 9 5 1 9 1 5 2 6 2 9 4 7 3 1 7 1 5 4 6 2 5 1 4 7 7 3
 9 1 8 4 5 4 8 8 4 5 2 3 4 5 8 3 1 2 9 1 7 4 8 9 2 8 4 5 1 1 7 1 4 5 3 2 6
 3 6 2 9 9 4 5 4 9 2 2 1 1 4 1 1]"
0.36902218152218147,"[6 2 6 8 1 9 3 6 4 9 2 8 5 1 9 1 9 4 7 2 8 4 6 3 1 7 2 9 4 8 2 9 1 7 2 9 2
 9 1 9 4 8 4 6 4 2 5 1 9 4 5 3 9 1 1 9 1 7 4 9 8 2 7 4 5 1 4 6 4 1 5 3 8 2
 5 5 2 9 8 4 5 4 9 2 1 7 1 7 2 9]","[6 4 9 8 1 5 3 7 4 5 2 9 5 1 9 1 8 3 6 2 9 4 7 2 1 7 1 5 4 6 2 8 1 9 2 7 3
 9 1 8 4 5 8 8 8 4 8 3 3 4 4 8 3 7 2 6 1 5 4 8 9 2 8 4 5 1 1 7 1 4 7 3 2 6
 3 6 2 9 9 4 5 4 8 2 2 5 1 4 1 1]"
0.42628205128205127,"[6 2 6 8 1 9 3 6 4 9 2 8 5 1 9 1 9 4 7 2 8 4 6 3 1 7 2 9 4 8 2 9 1 7 2 9 2
 9 1 9 4 8 4 6 4 2 5 1 9 4 5 3 9 1 1 9 1 7 4 9 8 2 7 4 5 1 4 6 4 1 5 3 8 2
 5 5 2 9 8 4 5 4 9 2 1 7 1 7 2 9]","[5 4 5 8 1 5 3 7 4 5 2 9 5 1 9 1 8 2 5 2 9 4 7 3 1 7 4 5 4 6 2 9 1 9 7 7 3
 9 1 9 4 5 8 8 8 4 7 2 3 4 5 8 3 1 1 8 1 5 2 5 9 2 5 4 5 1 2 5 1 4 5 3 2 6
 3 6 2 9 9 4 5 4 9 2 2 5 1 4 1 1]"
0.4686100936100936,"[6 2 6 8 1 9 3 6 4 9 2 8 5 1 9 1 9 4 7 2 8 4 6 3 1 7 2 9 4 8 2 9 1 7 2 9 2
 9 1 9 4 8 4 6 4 2 5 1 9 4 5 3 9 1 1 9 1 7 4 9 8 2 7 4 5 1 4 6 4 1 5 3 8 2
 5 5 2 9 8 4 5 4 9 2 1 7 1 7 2 9]","[6 4 9 8 1 5 3 7 1 5 2 9 5 1 9 1 8 2 5 2 9 4 5 3 1 7 3 5 4 6 2 9 1 9 7 7 3
 9 1 8 4 5 4 8 8 4 8 1 3 4 5 8 1 1 2 9 1 7 1 8 9 2 5 4 5 1 1 7 1 1 5 3 2 6
 3 6 2 9 9 4 5 4 9 2 2 5 1 4 5 1]"
0.5247761497761497,"[6 2 6 8 1 9 3 6 4 9 2 8 5 1 9 1 9 4 7 2 8 4 6 3 1 7 2 9 4 8 2 9 1 7 2 9 2
 9 1 9 4 8 4 6 4 2 5 1 9 4 5 3 9 1 1 9 1 7 4 9 8 2 7 4 5 1 4 6 4 1 5 3 8 2
 5 5 2 9 8 4 5 4 9 2 1 7 1 7 2 9]","[6 4 9 8 1 5 3 7 4 5 2 9 5 1 9 1 8 2 5 2 9 4 7 3 1 7 1 5 4 6 2 9 1 9 2 7 3
 9 1 9 4 5 4 8 8 4 5 2 8 4 5 3 9 1 2 8 1 7 2 8 8 2 5 4 5 1 2 5 1 4 5 3 2 6
 3 6 2 8 9 4 5 4 9 2 2 5 1 4 1 1]"
0.4960063085063085,"[6 2 6 8 1 9 3 6 4 9 2 8 5 1 9 1 9 4 7 2 8 4 6 3 1 7 2 9 4 8 2 9 1 7 2 9 2
 9 1 9 4 8 4 6 4 2 5 1 9 4 5 3 9 1 1 9 1 7 4 9 8 2 7 4 5 1 4 6 4 1 5 3 8 2
 5 5 2 9 8 4 5 4 9 2 1 7 1 7 2 9]","[6 4 9 8 1 5 3 7 1 5 2 9 5 1 9 1 8 2 5 2 9 4 7 3 1 7 4 5 4 6 2 9 1 9 2 7 2
 9 1 9 4 5 4 8 8 4 5 1 9 4 5 8 1 1 2 6 1 5 1 5 9 2 5 8 5 1 2 7 1 1 5 3 2 6
 3 5 1 9 9 4 5 4 9 2 1 5 1 4 5 1]"
0.41603072853072853,"[6 2 6 8 1 9 3 6 4 9 2 8 5 1 9 1 9 4 7 2 8 4 6 3 1 7 2 9 4 8 2 9 1 7 2 9 2
 9 1 9 4 8 4 6 4 2 5 1 9 4 5 3 9 1 1 9 1 7 4 9 8 2 7 4 5 1 4 6 4 1 5 3 8 2
 5 5 2 9 8 4 5 4 9 2 1 7 1 7 2 9]","[6 4 9 8 1 5 3 5 4 5 2 9 5 1 9 1 8 2 5 2 9 4 7 2 1 7 1 5 4 6 2 9 1 8 7 7 3
 9 1 8 4 5 4 8 8 4 5 2 8 4 5 8 3 7 2 6 1 5 1 5 9 2 5 4 5 1 1 7 1 2 5 3 2 6
 3 6 2 9 9 4 5 4 9 2 2 5 1 5 1 1]"
0.4537800162800163,"[6 2 6 8 1 9 3 6 4 9 2 8 5 1 9 1 9 4 7 2 8 4 6 3 1 7 2 9 4 8 2 9 1 7 2 9 2
 9 1 9 4 8 4 6 4 2 5 1 9 4 5 3 9 1 1 9 1 7 4 9 8 2 7 4 5 1 4 6 4 1 5 3 8 2
 5 5 2 9 8 4 5 4 9 2 1 7 1 7 2 9]","[6 4 6 8 1 5 3 7 4 6 2 9 5 1 9 2 8 2 5 2 9 4 7 3 1 7 1 5 4 6 2 8 1 9 4 7 3
 9 1 9 4 5 4 8 8 4 8 3 3 4 4 3 9 1 2 5 1 5 2 8 9 1 5 4 5 1 1 7 1 4 5 3 2 6
 3 6 2 9 9 4 5 4 8 2 2 5 1 4 5 1]"
0.4650234025234026,"[6 2 6 8 1 9 3 6 4 9 2 8 5 1 9 1 9 4 7 2 8 4 6 3 1 7 2 9 4 8 2 9 1 7 2 9 2
 9 1 9 4 8 4 6 4 2 5 1 9 4 5 3 9 1 1 9 1 7 4 9 8 2 7 4 5 1 4 6 4 1 5 3 8 2
 5 5 2 9 8 4 5 4 9 2 1 7 1 7 2 9]","[6 4 9 8 1 5 3 7 1 6 2 9 6 1 9 2 8 3 5 2 9 4 7 3 1 7 1 5 4 6 2 8 1 8 4 7 3
 9 1 9 4 5 4 8 8 4 5 3 3 4 5 3 3 1 2 8 1 4 4 8 9 9 5 4 5 3 1 7 1 4 5 3 2 6
 3 6 2 9 9 4 5 4 9 2 1 7 1 4 1 1]"
0.4299196174196174,"[6 2 6 8 1 9 3 6 4 9 2 8 5 1 9 1 9 4 7 2 8 4 6 3 1 7 2 9 4 8 2 9 1 7 2 9 2
 9 1 9 4 8 4 6 4 2 5 1 9 4 5 3 9 1 1 9 1 7 4 9 8 2 7 4 5 1 4 6 4 1 5 3 8 2
 5 5 2 9 8 4 5 4 9 2 1 7 1 7 2 9]","[6 4 9 8 1 5 3 7 4 6 2 9 5 1 9 1 8 2 5 2 9 4 7 2 1 7 2 5 4 6 2 9 1 9 7 7 3
 9 1 9 4 4 8 8 8 4 5 2 3 4 4 8 1 7 2 9 1 5 1 8 9 2 5 4 5 1 1 7 1 4 5 3 2 6
 3 5 1 9 9 4 5 4 9 2 1 5 1 4 1 1]"
0.47952279202279197,"[6 2 6 8 1 9 3 6 4 9 2 8 5 1 9 1 9 4 7 2 8 4 6 3 1 7 2 9 4 8 2 9 1 7 2 9 2
 9 1 9 4 8 4 6 4 2 5 1 9 4 5 3 9 1 1 9 1 7 4 9 8 2 7 4 5 1 4 6 4 1 5 3 8 2
 5 5 2 9 8 4 5 4 9 2 1 7 1 7 2 9]","[6 4 9 8 1 5 3 7 1 6 2 9 5 1 9 1 8 2 5 2 9 4 7 3 1 7 4 5 4 6 2 9 1 9 4 7 3
 9 1 8 4 5 8 8 8 4 7 1 8 4 5 3 9 1 2 5 1 5 4 5 9 2 5 4 5 1 2 7 1 4 5 3 2 6
 3 5 2 9 9 4 5 2 2 2 1 5 1 4 5 1]"
0.4795227920227921,"[6 2 6 8 1 9 3 6 4 9 2 8 5 1 9 1 9 4 7 2 8 4 6 3 1 7 2 9 4 8 2 9 1 7 2 9 2
 9 1 9 4 8 4 6 4 2 5 1 9 4 5 3 9 1 1 9 1 7 4 9 8 2 7 4 5 1 4 6 4 1 5 3 8 2
 5 5 2 9 8 4 5 4 9 2 1 7 1 7 2 9]","[6 4 9 8 1 5 3 7 1 5 2 9 5 1 9 1 5 3 5 2 9 4 7 3 1 7 1 6 4 6 2 9 1 9 2 7 3
 9 1 3 5 4 8 8 8 4 7 2 9 4 5 3 9 1 2 9 1 5 4 8 9 2 5 4 5 1 2 5 1 4 7 3 2 6
 3 5 1 5 9 4 5 4 9 2 2 7 1 4 1 1]"
0.4944037444037444,"[6 2 6 8 1 9 3 6 4 9 2 8 5 1 9 1 9 4 7 2 8 4 6 3 1 7 2 9 4 8 2 9 1 7 2 9 2
 9 1 9 4 8 4 6 4 2 5 1 9 4 5 3 9 1 1 9 1 7 4 9 8 2 7 4 5 1 4 6 4 1 5 3 8 2
 5 5 2 9 8 4 5 4 9 2 1 7 1 7 2 9]","[6 4 5 8 1 5 3 5 1 5 2 9 5 1 9 2 8 3 5 2 9 4 7 3 1 7 1 5 4 6 2 5 1 3 2 5 3
 9 1 8 4 5 8 8 8 4 8 1 8 4 5 3 9 1 2 5 1 5 1 5 8 1 5 4 5 1 1 7 1 4 5 3 2 6
 3 6 2 9 9 4 5 4 9 2 1 7 1 4 1 9]"
0.47715710215710216,"[6 2 6 8 1 9 3 6 4 9 2 8 5 1 9 1 9 4 7 2 8 4 6 3 1 7 2 9 4 8 2 9 1 7 2 9 2
 9 1 9 4 8 4 6 4 2 5 1 9 4 5 3 9 1 1 9 1 7 4 9 8 2 7 4 5 1 4 6 4 1 5 3 8 2
 5 5 2 9 8 4 5 4 9 2 1 7 1 7 2 9]","[6 4 5 8 1 5 3 7 1 6 2 9 5 1 9 1 8 2 5 2 9 4 7 2 1 7 2 5 4 6 1 9 1 9 2 7 2
 9 1 8 4 5 4 8 8 4 7 1 8 4 5 8 9 1 2 9 1 7 4 8 8 2 5 4 5 1 2 5 1 4 5 3 2 6
 3 5 1 9 9 4 5 2 6 2 1 5 1 4 7 1]"
0.4798534798534799,"[6 2 6 8 1 9 3 6 4 9 2 8 5 1 9 1 9 4 7 2 8 4 6 3 1 7 2 9 4 8 2 9 1 7 2 9 2
 9 1 9 4 8 4 6 4 2 5 1 9 4 5 3 9 1 1 9 1 7 4 9 8 2 7 4 5 1 4 6 4 1 5 3 8 2
 5 5 2 9 8 4 5 4 9 2 1 7 1 7 2 9]","[6 4 6 8 1 5 3 5 1 6 2 9 6 1 9 1 8 2 6 2 9 4 6 3 1 7 1 5 4 6 2 9 1 9 4 7 3
 9 1 9 4 4 8 8 8 4 5 2 3 4 4 3 9 1 2 8 1 5 1 5 9 2 5 4 5 1 1 7 1 4 5 3 2 8
 2 6 2 8 9 4 5 4 9 2 2 5 1 4 1 1]"
0.4672364672364673,"[6 2 6 8 1 9 3 6 4 9 2 8 5 1 9 1 9 4 7 2 8 4 6 3 1 7 2 9 4 8 2 9 1 7 2 9 2
 9 1 9 4 8 4 6 4 2 5 1 9 4 5 3 9 1 1 9 1 7 4 9 8 2 7 4 5 1 4 6 4 1 5 3 8 2
 5 5 2 9 8 4 5 4 9 2 1 7 1 7 2 9]","[6 4 9 8 1 5 3 7 4 5 2 9 5 1 9 1 5 2 5 2 9 4 7 3 1 7 4 5 4 6 2 9 1 9 7 7 2
 9 1 8 4 5 4 8 8 4 5 1 9 4 5 8 1 7 2 8 1 5 1 5 9 2 5 4 5 1 1 7 1 4 5 3 2 6
 3 6 2 9 9 4 5 4 9 2 2 5 1 4 1 1]"
0.40445665445665446,"[6 2 6 8 1 9 3 6 4 9 2 8 5 1 9 1 9 4 7 2 8 4 6 3 1 7 2 9 4 8 2 9 1 7 2 9 2
 9 1 9 4 8 4 6 4 2 5 1 9 4 5 3 9 1 1 9 1 7 4 9 8 2 7 4 5 1 4 6 4 1 5 3 8 2
 5 5 2 9 8 4 5 4 9 2 1 7 1 7 2 9]","[5 4 9 8 1 5 3 7 4 5 2 9 5 1 9 4 8 2 5 2 9 4 7 2 1 7 1 5 4 6 2 9 1 9 7 7 3
 9 1 9 4 5 4 8 8 4 8 2 8 4 5 8 3 1 2 9 1 5 1 5 9 2 5 4 5 1 2 5 1 4 5 3 2 6
 3 5 2 5 9 4 5 4 9 2 2 5 1 4 1 1]"
0.47219678469678467,"[6 2 6 8 1 9 3 6 4 9 2 8 5 1 9 1 9 4 7 2 8 4 6 3 1 7 2 9 4 8 2 9 1 7 2 9 2
 9 1 9 4 8 4 6 4 2 5 1 9 4 5 3 9 1 1 9 1 7 4 9 8 2 7 4 5 1 4 6 4 1 5 3 8 2
 5 5 2 9 8 4 5 4 9 2 1 7 1 7 2 9]","[6 4 5 8 1 5 3 7 1 5 2 9 5 1 9 1 8 2 5 2 9 4 7 3 1 7 2 5 4 6 2 9 1 8 7 7 3
 9 1 8 4 5 8 8 8 4 8 1 3 4 4 3 9 1 2 9 1 5 1 5 9 2 8 4 5 1 1 7 1 4 5 3 2 6
 3 5 2 9 9 4 5 2 9 2 2 5 1 4 7 1]"
0.4670584045584045,"[6 2 6 8 1 9 3 6 4 9 2 8 5 1 9 1 9 4 7 2 8 4 6 3 1 7 2 9 4 8 2 9 1 7 2 9 2
 9 1 9 4 8 4 6 4 2 5 1 9 4 5 3 9 1 1 9 1 7 4 9 8 2 7 4 5 1 4 6 4 1 5 3 8 2
 5 5 2 9 8 4 5 4 9 2 1 7 1 7 2 9]","[6 4 6 8 1 5 3 7 4 5 2 9 5 1 9 4 8 2 5 2 9 4 7 3 1 7 4 5 4 6 1 9 1 9 1 7 3
 9 1 3 4 4 8 8 8 4 7 2 8 4 5 3 9 1 2 9 1 5 1 8 8 1 5 4 5 1 2 5 1 4 7 2 2 6
 3 5 2 9 9 4 5 4 9 2 2 7 1 4 1 1]"
0.4602920227920228,"[6 2 6 8 1 9 3 6 4 9 2 8 5 1 9 1 9 4 7 2 8 4 6 3 1 7 2 9 4 8 2 9 1 7 2 9 2
 9 1 9 4 8 4 6 4 2 5 1 9 4 5 3 9 1 1 9 1 7 4 9 8 2 7 4 5 1 4 6 4 1 5 3 8 2
 5 5 2 9 8 4 5 4 9 2 1 7 1 7 2 9]","[6 4 9 8 1 5 3 7 1 5 2 9 5 1 9 1 8 2 5 2 9 4 7 2 1 7 4 5 4 6 2 9 1 9 2 7 2
 9 1 8 4 5 4 8 8 4 8 2 9 4 5 3 1 1 2 9 1 5 1 5 9 2 8 4 5 1 2 5 1 1 5 3 2 6
 3 6 1 9 9 4 5 2 9 2 1 5 1 4 5 1]"
0.5023402523402524,"[6 2 6 8 1 9 3 6 4 9 2 8 5 1 9 1 9 4 7 2 8 4 6 3 1 7 2 9 4 8 2 9 1 7 2 9 2
 9 1 9 4 8 4 6 4 2 5 1 9 4 5 3 9 1 1 9 1 7 4 9 8 2 7 4 5 1 4 6 4 1 5 3 8 2
 5 5 2 9 8 4 5 4 9 2 1 7 1 7 2 9]","[6 4 9 8 1 5 3 7 1 5 2 9 5 1 9 1 8 2 5 2 9 4 7 3 1 7 3 5 4 6 2 9 1 9 2 7 3
 9 1 8 4 5 4 8 8 4 7 3 9 4 5 3 9 1 2 9 1 7 4 8 9 2 5 4 5 1 4 7 1 4 5 3 2 6
 3 6 2 9 9 4 5 2 9 3 2 5 1 4 5 1]"
0.47820004070004074,"[6 2 6 8 1 9 3 6 4 9 2 8 5 1 9 1 9 4 7 2 8 4 6 3 1 7 2 9 4 8 2 9 1 7 2 9 2
 9 1 9 4 8 4 6 4 2 5 1 9 4 5 3 9 1 1 9 1 7 4 9 8 2 7 4 5 1 4 6 4 1 5 3 8 2
 5 5 2 9 8 4 5 4 9 2 1 7 1 7 2 9]","[6 4 6 8 1 5 3 7 1 6 2 9 5 1 9 1 8 2 6 2 9 4 7 3 1 7 4 5 4 6 2 9 1 9 2 7 3
 9 1 8 4 5 8 8 8 4 5 3 3 4 4 8 3 7 2 6 1 7 4 8 9 2 5 4 5 1 2 5 4 4 5 3 2 6
 3 5 1 9 9 4 5 4 9 2 2 5 1 4 1 1]"
0.43091168091168097,"[6 2 6 8 1 9 3 6 4 9 2 8 5 1 9 1 9 4 7 2 8 4 6 3 1 7 2 9 4 8 2 9 1 7 2 9 2
 9 1 9 4 8 4 6 4 2 5 1 9 4 5 3 9 1 1 9 1 7 4 9 8 2 7 4 5 1 4 6 4 1 5 3 8 2
 5 5 2 9 8 4 5 4 9 2 1 7 1 7 2 9]","[6 4 9 8 1 5 3 7 1 5 2 9 5 1 9 4 8 2 5 2 9 4 7 3 1 7 4 6 4 6 1 9 1 9 7 7 2
 9 1 8 4 5 4 8 8 4 7 2 8 4 5 8 9 1 2 9 1 7 1 8 9 2 8 4 7 1 2 5 1 2 5 3 2 6
 3 6 2 6 9 4 5 4 9 2 2 5 1 4 1 1]"
0.4428164428164428,"[6 2 6 8 1 9 3 6 4 9 2 8 5 1 9 1 9 4 7 2 8 4 6 3 1 7 2 9 4 8 2 9 1 7 2 9 2
 9 1 9 4 8 4 6 4 2 5 1 9 4 5 3 9 1 1 9 1 7 4 9 8 2 7 4 5 1 4 6 4 1 5 3 8 2
 5 5 2 9 8 4 5 4 9 2 1 7 1 7 2 9]","[6 4 9 8 1 5 3 7 1 5 2 9 5 1 9 1 5 2 5 2 9 4 5 3 1 5 4 5 4 6 2 9 1 9 7 7 2
 9 1 8 4 5 4 8 8 4 5 1 8 4 5 8 9 1 2 9 1 5 1 8 9 2 5 4 5 1 1 7 1 1 5 3 2 6
 3 6 2 9 9 4 5 2 6 3 2 5 1 4 5 1]"
0.4751729751729752,"[6 2 6 8 1 9 3 6 4 9 2 8 5 1 9 1 9 4 7 2 8 4 6 3 1 7 2 9 4 8 2 9 1 7 2 9 2
 9 1 9 4 8 4 6 4 2 5 1 9 4 5 3 9 1 1 9 1 7 4 9 8 2 7 4 5 1 4 6 4 1 5 3 8 2
 5 5 2 9 8 4 5 4 9 2 1 7 1 7 2 9]","[6 4 9 8 1 5 3 7 4 5 2 9 5 1 9 1 8 2 5 2 9 4 7 3 1 7 1 5 4 6 2 9 1 4 7 7 2
 9 1 8 4 5 8 8 8 4 5 2 9 4 5 8 1 7 2 6 1 5 4 5 9 2 5 4 5 1 4 7 1 4 5 3 2 6
 3 6 2 9 9 4 5 4 9 2 1 5 1 4 1 1]"
0.42462861212861214,"[6 2 6 8 1 9 3 6 4 9 2 8 5 1 9 1 9 4 7 2 8 4 6 3 1 7 2 9 4 8 2 9 1 7 2 9 2
 9 1 9 4 8 4 6 4 2 5 1 9 4 5 3 9 1 1 9 1 7 4 9 8 2 7 4 5 1 4 6 4 1 5 3 8 2
 5 5 2 9 8 4 5 4 9 2 1 7 1 7 2 9]","[6 4 6 8 1 5 3 7 3 5 2 9 5 1 9 1 5 2 5 2 9 4 7 2 1 5 4 5 4 6 2 9 1 9 2 7 3
 9 1 3 4 4 8 8 8 4 5 3 8 4 5 8 9 1 1 9 1 5 1 5 9 2 5 4 5 1 2 7 1 4 5 3 2 6
 3 5 2 5 9 4 5 2 6 3 2 5 1 4 1 1]"
